data,selic_meta,ipca_mensal,dolar_venda,cdi_diario
2020-08-01,,0.24,,
2020-08-17,2.0,,5.4497,0.007469
2020-08-18,2.0,,5.4659,0.007469
2020-08-19,2.0,,5.4906,0.007469
2020-08-20,2.0,,5.651,0.007469
2020-08-21,2.0,,5.6064,0.007469
2020-08-22,2.0,,,
2020-08-23,2.0,,,
2020-08-24,2.0,,5.5954,0.007469
2020-08-25,2.0,,5.5997,0.007469
2020-08-26,2.0,,5.568,0.007469
2020-08-27,2.0,,5.5956,0.007469
2020-08-28,2.0,,5.4679,0.007469
2020-08-29,2.0,,,
2020-08-30,2.0,,,
2020-08-31,2.0,,5.4713,0.007469
2020-09-01,2.0,0.64,5.3732,0.007469
2020-09-02,2.0,,5.3741,0.007469
2020-09-03,2.0,,5.3079,0.007469
2020-09-04,2.0,,5.2848,0.007469
2020-09-05,2.0,,,
2020-09-06,2.0,,,
2020-09-07,2.0,,,
2020-09-08,2.0,,5.3698,0.007469
2020-09-09,2.0,,5.3024,0.007469
2020-09-10,2.0,,5.2936,0.007469
2020-09-11,2.0,,5.2854,0.007469
2020-09-12,2.0,,,
2020-09-13,2.0,,,
2020-09-14,2.0,,5.2984,0.007469
2020-09-15,2.0,,5.2728,0.007469
2020-09-16,2.0,,5.2532,0.007469
2020-09-17,2.0,,5.2593,0.007469
2020-09-18,2.0,,5.2889,0.007469
2020-09-19,2.0,,,
2020-09-20,2.0,,,
2020-09-21,2.0,,5.444,0.007469
2020-09-22,2.0,,5.4329,0.007469
2020-09-23,2.0,,5.5311,0.007469
2020-09-24,2.0,,5.5714,0.007469
2020-09-25,2.0,,5.5667,0.007469
2020-09-26,2.0,,,
2020-09-27,2.0,,,
2020-09-28,2.0,,5.5858,0.007469
2020-09-29,2.0,,5.6528,0.007469
2020-09-30,2.0,,5.6407,0.007469
2020-10-01,2.0,0.86,5.6441,0.007469
2020-10-02,2.0,,5.6464,0.007469
2020-10-03,2.0,,,
2020-10-04,2.0,,,
2020-10-05,2.0,,5.6299,0.007469
2020-10-06,2.0,,5.5205,0.007469
2020-10-07,2.0,,5.6018,0.007469
2020-10-08,2.0,,5.62,0.007469
2020-10-09,2.0,,5.5393,0.007469
2020-10-10,2.0,,,
2020-10-11,2.0,,,
2020-10-12,2.0,,,
2020-10-13,2.0,,5.5859,0.007469
2020-10-14,2.0,,5.5675,0.007469
2020-10-15,2.0,,5.6172,0.007469
2020-10-16,2.0,,5.6226,0.007469
2020-10-17,2.0,,,
2020-10-18,2.0,,,
2020-10-19,2.0,,5.6023,0.007469
2020-10-20,2.0,,5.583,0.007469
2020-10-21,2.0,,5.6006,0.007469
2020-10-22,2.0,,5.582,0.007469
2020-10-23,2.0,,5.612,0.007469
2020-10-24,2.0,,,
2020-10-25,2.0,,,
2020-10-26,2.0,,5.6328,0.007469
2020-10-27,2.0,,5.6491,0.007469
2020-10-28,2.0,,5.7325,0.007469
2020-10-29,2.0,,5.7803,0.007469
2020-10-30,2.0,,5.7718,0.007469
2020-10-31,2.0,,,
2020-11-01,2.0,0.89,,
2020-11-02,2.0,,,
2020-11-03,2.0,,5.6895,0.007469
2020-11-04,2.0,,5.6932,0.007469
2020-11-05,2.0,,5.5624,0.007469
2020-11-06,2.0,,5.5313,0.007469
2020-11-07,2.0,,,
2020-11-08,2.0,,,
2020-11-09,2.0,,5.2821,0.007469
2020-11-10,2.0,,5.3696,0.007469
2020-11-11,2.0,,5.402,0.007469
2020-11-12,2.0,,5.4094,0.007469
2020-11-13,2.0,,5.4854,0.007469
2020-11-14,2.0,,,
2020-11-15,2.0,,,
2020-11-16,2.0,,5.4198,0.007469
2020-11-17,2.0,,5.3968,0.007469
2020-11-18,2.0,,5.2932,0.007469
2020-11-19,2.0,,5.333,0.007469
2020-11-20,2.0,,5.3505,0.007469
2020-11-21,2.0,,,
2020-11-22,2.0,,,
2020-11-23,2.0,,5.3828,0.007469
2020-11-24,2.0,,5.4037,0.007469
2020-11-25,2.0,,5.3508,0.007469
2020-11-26,2.0,,5.3201,0.007469
2020-11-27,2.0,,5.3494,0.007469
2020-11-28,2.0,,,
2020-11-29,2.0,,,
2020-11-30,2.0,,5.3317,0.007469
2020-12-01,2.0,1.35,5.2789,0.007469
2020-12-02,2.0,,5.2267,0.007469
2020-12-03,2.0,,5.1625,0.007469
2020-12-04,2.0,,5.1706,0.007469
2020-12-05,2.0,,,
2020-12-06,2.0,,,
2020-12-07,2.0,,5.1018,0.007469
2020-12-08,2.0,,5.092,0.007469
2020-12-09,2.0,,5.1109,0.007469
2020-12-10,2.0,,5.0852,0.007469
2020-12-11,2.0,,5.0691,0.007469
2020-12-12,2.0,,,
2020-12-13,2.0,,,
2020-12-14,2.0,,5.0578,0.007469
2020-12-15,2.0,,5.0968,0.007469
2020-12-16,2.0,,5.1057,0.007469
2020-12-17,2.0,,5.0612,0.007469
2020-12-18,2.0,,5.0986,0.007469
2020-12-19,2.0,,,
2020-12-20,2.0,,,
2020-12-21,2.0,,5.1572,0.007469
2020-12-22,2.0,,5.1473,0.007469
2020-12-23,2.0,,5.174,0.007469
2020-12-24,2.0,,5.18,0.007469
2020-12-25,2.0,,,
2020-12-26,2.0,,,
2020-12-27,2.0,,,
2020-12-28,2.0,,5.239,0.007469
2020-12-29,2.0,,5.1942,0.007469
2020-12-30,2.0,,5.1967,0.007469
2020-12-31,2.0,,5.1967,0.007469
2021-01-01,2.0,0.25,,
2021-01-02,2.0,,,
2021-01-03,2.0,,,
2021-01-04,2.0,,5.1626,0.007469
2021-01-05,2.0,,5.3269,0.007469
2021-01-06,2.0,,5.3182,0.007469
2021-01-07,2.0,,5.3433,0.007469
2021-01-08,2.0,,5.3683,0.007469
2021-01-09,2.0,,,
2021-01-10,2.0,,,
2021-01-11,2.0,,5.4966,0.007469
2021-01-12,2.0,,5.4637,0.007469
2021-01-13,2.0,,5.307,0.007469
2021-01-14,2.0,,5.2617,0.007469
2021-01-15,2.0,,5.2714,0.007469
2021-01-16,2.0,,,
2021-01-17,2.0,,,
2021-01-18,2.0,,5.2788,0.007469
2021-01-19,2.0,,5.2945,0.007469
2021-01-20,2.0,,5.3033,0.007469
2021-01-21,2.0,,5.3166,0.007469
2021-01-22,2.0,,5.4301,0.007469
2021-01-23,2.0,,,
2021-01-24,2.0,,,
2021-01-25,2.0,,5.5089,0.007469
2021-01-26,2.0,,5.3865,0.007469
2021-01-27,2.0,,5.3824,0.007469
2021-01-28,2.0,,5.4282,0.007469
2021-01-29,2.0,,5.4759,0.007469
2021-01-30,2.0,,,
2021-01-31,2.0,,,
2021-02-01,2.0,0.86,5.4608,0.007469
2021-02-02,2.0,,5.3875,0.007469
2021-02-03,2.0,,5.3423,0.007469
2021-02-04,2.0,,5.391,0.007469
2021-02-05,2.0,,5.3884,0.007469
2021-02-06,2.0,,,
2021-02-07,2.0,,,
2021-02-08,2.0,,5.367,0.007469
2021-02-09,2.0,,5.4216,0.007469
2021-02-10,2.0,,5.4024,0.007469
2021-02-11,2.0,,5.3626,0.007469
2021-02-12,2.0,,5.3815,0.007469
2021-02-13,2.0,,,
2021-02-14,2.0,,,
2021-02-15,2.0,,,
2021-02-16,2.0,,,
2021-02-17,2.0,,5.4138,0.007469
2021-02-18,2.0,,5.4238,0.007469
2021-02-19,2.0,,5.3924,0.007469
2021-02-20,2.0,,,
2021-02-21,2.0,,,
2021-02-22,2.0,,5.5044,0.007469
2021-02-23,2.0,,5.449,0.007469
2021-02-24,2.0,,5.4182,0.007469
2021-02-25,2.0,,5.46,0.007469
2021-02-26,2.0,,5.5302,0.007469
2021-02-27,2.0,,,
2021-02-28,2.0,,,
2021-03-01,2.0,0.93,5.5832,0.007469
2021-03-02,2.0,,5.6844,0.007469
2021-03-03,2.0,,5.7342,0.007469
2021-03-04,2.0,,5.6008,0.007469
2021-03-05,2.0,,5.687,0.007469
2021-03-06,2.0,,,
2021-03-07,2.0,,,
2021-03-08,2.0,,5.7343,0.007469
2021-03-09,2.0,,5.8397,0.007469
2021-03-10,2.0,,5.7449,0.007469
2021-03-11,2.0,,5.589,0.007469
2021-03-12,2.0,,5.564,0.007469
2021-03-13,2.0,,,
2021-03-14,2.0,,,
2021-03-15,2.0,,5.6296,0.007469
2021-03-16,2.0,,5.5851,0.007469
2021-03-17,2.0,,5.6579,0.007469
2021-03-18,2.75,,5.5474,0.010379
2021-03-19,2.75,,5.5082,0.010379
2021-03-20,2.75,,,
2021-03-21,2.75,,,
2021-03-22,2.75,,5.5269,0.010379
2021-03-23,2.75,,5.4951,0.010379
2021-03-24,2.75,,5.533,0.010379
2021-03-25,2.75,,5.6585,0.010379
2021-03-26,2.75,,5.7042,0.010379
2021-03-27,2.75,,,
2021-03-28,2.75,,,
2021-03-29,2.75,,5.7925,0.010379
2021-03-30,2.75,,5.7642,0.010379
2021-03-31,2.75,,5.6973,0.010379
2021-04-01,2.75,0.31,5.6849,0.010379
2021-04-02,2.75,,,
2021-04-03,2.75,,,
2021-04-04,2.75,,,
2021-04-05,2.75,,5.6579,0.010379
2021-04-06,2.75,,5.6263,0.010379
2021-04-07,2.75,,5.5864,0.010379
2021-04-08,2.75,,5.5817,0.010379
2021-04-09,2.75,,5.6445,0.010379
2021-04-10,2.75,,,
2021-04-11,2.75,,,
2021-04-12,2.75,,5.6582,0.010379
2021-04-13,2.75,,5.7064,0.010379
2021-04-14,2.75,,5.6936,0.010379
2021-04-15,2.75,,5.6234,0.010379
2021-04-16,2.75,,5.6328,0.010379
2021-04-17,2.75,,,
2021-04-18,2.75,,,
2021-04-19,2.75,,5.575,0.010379
2021-04-20,2.75,,5.5266,0.010379
2021-04-21,2.75,,,
2021-04-22,2.75,,5.497,0.010379
2021-04-23,2.75,,5.4787,0.010379
2021-04-24,2.75,,,
2021-04-25,2.75,,,
2021-04-26,2.75,,5.4566,0.010379
2021-04-27,2.75,,5.4424,0.010379
2021-04-28,2.75,,5.4005,0.010379
2021-04-29,2.75,,5.3662,0.010379
2021-04-30,2.75,,5.4036,0.010379
2021-05-01,2.75,0.83,,
2021-05-02,2.75,,,
2021-05-03,2.75,,5.4087,0.010379
2021-05-04,2.75,,5.4505,0.010379
2021-05-05,2.75,,5.3872,0.010379
2021-05-06,3.5,,5.2897,0.013269
2021-05-07,3.5,,5.2217,0.013269
2021-05-08,3.5,,,
2021-05-09,3.5,,,
2021-05-10,3.5,,5.2227,0.013269
2021-05-11,3.5,,5.2403,0.013269
2021-05-12,3.5,,5.2353,0.013269
2021-05-13,3.5,,5.2815,0.013269
2021-05-14,3.5,,5.2701,0.013269
2021-05-15,3.5,,,
2021-05-16,3.5,,,
2021-05-17,3.5,,5.2755,0.013269
2021-05-18,3.5,,5.2588,0.013269
2021-05-19,3.5,,5.2822,0.013269
2021-05-20,3.5,,5.2905,0.013269
2021-05-21,3.5,,5.3027,0.013269
2021-05-22,3.5,,,
2021-05-23,3.5,,,
2021-05-24,3.5,,5.3198,0.013269
2021-05-25,3.5,,5.3143,0.013269
2021-05-26,3.5,,5.3164,0.013269
2021-05-27,3.5,,5.284,0.013269
2021-05-28,3.5,,5.2281,0.013269
2021-05-29,3.5,,,
2021-05-30,3.5,,,
2021-05-31,3.5,,5.2322,0.013269
2021-06-01,3.5,0.53,5.1636,0.013269
2021-06-02,3.5,,5.1147,0.013269
2021-06-03,3.5,,,
2021-06-04,3.5,,5.0666,0.013269
2021-06-05,3.5,,,
2021-06-06,3.5,,,
2021-06-07,3.5,,5.0498,0.013269
2021-06-08,3.5,,5.0489,0.013269
2021-06-09,3.5,,5.0533,0.013269
2021-06-10,3.5,,5.0635,0.013269
2021-06-11,3.5,,5.119,0.013269
2021-06-12,3.5,,,
2021-06-13,3.5,,,
2021-06-14,3.5,,5.0707,0.013269
2021-06-15,3.5,,5.0874,0.013269
2021-06-16,3.5,,5.0207,0.013269
2021-06-17,4.25,,5.0359,0.016137
2021-06-18,4.25,,5.0314,0.016137
2021-06-19,4.25,,,
2021-06-20,4.25,,,
2021-06-21,4.25,,5.0373,0.016137
2021-06-22,4.25,,5.0178,0.016137
2021-06-23,4.25,,4.9519,0.016137
2021-06-24,4.25,,4.9277,0.016137
2021-06-25,4.25,,4.9206,0.016137
2021-06-26,4.25,,,
2021-06-27,4.25,,,
2021-06-28,4.25,,4.942,0.016137
2021-06-29,4.25,,4.945,0.016137
2021-06-30,4.25,,5.0022,0.016137
2021-07-01,4.25,0.96,5.0055,0.016137
2021-07-02,4.25,,5.0293,0.016137
2021-07-03,4.25,,,
2021-07-04,4.25,,,
2021-07-05,4.25,,5.0749,0.016137
2021-07-06,4.25,,5.1645,0.016137
2021-07-07,4.25,,5.2328,0.016137
2021-07-08,4.25,,5.2587,0.016137
2021-07-09,4.25,,5.2393,0.016137
2021-07-10,4.25,,,
2021-07-11,4.25,,,
2021-07-12,4.25,,5.2239,0.016137
2021-07-13,4.25,,5.177,0.016137
2021-07-14,4.25,,5.088,0.016137
2021-07-15,4.25,,5.1,0.016137
2021-07-16,4.25,,5.0941,0.016137
2021-07-17,4.25,,,
2021-07-18,4.25,,,
2021-07-19,4.25,,5.1978,0.016137
2021-07-20,4.25,,5.2465,0.016137
2021-07-21,4.25,,5.2516,0.016137
2021-07-22,4.25,,5.1978,0.016137
2021-07-23,4.25,,5.1701,0.016137
2021-07-24,4.25,,,
2021-07-25,4.25,,,
2021-07-26,4.25,,5.1863,0.016137
2021-07-27,4.25,,5.1669,0.016137
2021-07-28,4.25,,5.1527,0.016137
2021-07-29,4.25,,5.0682,0.016137
2021-07-30,4.25,,5.1216,0.016137
2021-07-31,4.25,,,
2021-08-01,4.25,0.87,,
2021-08-02,4.25,,5.1379,0.016137
2021-08-03,4.25,,5.2464,0.016137
2021-08-04,4.25,,5.2091,0.016137
2021-08-05,5.25,,5.1464,0.01993
2021-08-06,5.25,,5.241,0.01993
2021-08-07,5.25,,,
2021-08-08,5.25,,,
2021-08-09,5.25,,5.2774,0.01993
2021-08-10,5.25,,5.2217,0.01993
2021-08-11,5.25,,5.2013,0.01993
2021-08-12,5.25,,5.2351,0.01993
2021-08-13,5.25,,5.2474,0.01993
2021-08-14,5.25,,,
2021-08-15,5.25,,,
2021-08-16,5.25,,5.2495,0.01993
2021-08-17,5.25,,5.2585,0.01993
2021-08-18,5.25,,5.3025,0.01993
2021-08-19,5.25,,5.418,0.01993
2021-08-20,5.25,,5.4274,0.01993
2021-08-21,5.25,,,
2021-08-22,5.25,,,
2021-08-23,5.25,,5.3686,0.01993
2021-08-24,5.25,,5.3017,0.01993
2021-08-25,5.25,,5.2465,0.01993
2021-08-26,5.25,,5.2429,0.01993
2021-08-27,5.25,,5.22,0.01993
2021-08-28,5.25,,,
2021-08-29,5.25,,,
2021-08-30,5.25,,5.1952,0.01993
2021-08-31,5.25,,5.1433,0.01993
2021-09-01,5.25,1.16,5.1576,0.01993
2021-09-02,5.25,,5.1735,0.01993
2021-09-03,5.25,,5.1685,0.01993
2021-09-04,5.25,,,
2021-09-05,5.25,,,
2021-09-06,5.25,,5.1773,0.01993
2021-09-07,5.25,,,
2021-09-08,5.25,,5.2524,0.01993
2021-09-09,5.25,,5.2825,0.01993
2021-09-10,5.25,,5.2158,0.01993
2021-09-11,5.25,,,
2021-09-12,5.25,,,
2021-09-13,5.25,,5.219,0.01993
2021-09-14,5.25,,5.226,0.01993
2021-09-15,5.25,,5.2576,0.01993
2021-09-16,5.25,,5.2594,0.01993
2021-09-17,5.25,,5.3103,0.01993
2021-09-18,5.25,,,
2021-09-19,5.25,,,
2021-09-20,5.25,,5.3332,0.01993
2021-09-21,5.25,,5.3044,0.01993
2021-09-22,5.25,,5.2783,0.01993
2021-09-23,6.25,,5.2891,0.023687
2021-09-24,6.25,,5.3435,0.023687
2021-09-25,6.25,,,
2021-09-26,6.25,,,
2021-09-27,6.25,,5.3478,0.023687
2021-09-28,6.25,,5.4206,0.023687
2021-09-29,6.25,,5.4173,0.023687
2021-09-30,6.25,,5.4394,0.023687
2021-10-01,6.25,1.25,5.3911,0.023687
2021-10-02,6.25,,,
2021-10-03,6.25,,,
2021-10-04,6.25,,5.4204,0.023687
2021-10-05,6.25,,5.4611,0.023687
2021-10-06,6.25,,5.5097,0.023687
2021-10-07,6.25,,5.514,0.023687
2021-10-08,6.25,,5.5084,0.023687
2021-10-09,6.25,,,
2021-10-10,6.25,,,
2021-10-11,6.25,,5.5161,0.023687
2021-10-12,6.25,,,
2021-10-13,6.25,,5.5471,0.023687
2021-10-14,6.25,,5.4988,0.023687
2021-10-15,6.25,,5.451,0.023687
2021-10-16,6.25,,,
2021-10-17,6.25,,,
2021-10-18,6.25,,5.5193,0.023687
2021-10-19,6.25,,5.5521,0.023687
2021-10-20,6.25,,5.5571,0.023687
2021-10-21,6.25,,5.6423,0.023687
2021-10-22,6.25,,5.7117,0.023687
2021-10-23,6.25,,,
2021-10-24,6.25,,,
2021-10-25,6.25,,5.5973,0.023687
2021-10-26,6.25,,5.58,0.023687
2021-10-27,6.25,,5.5667,0.023687
2021-10-28,7.75,,5.6124,0.029256
2021-10-29,7.75,,5.643,0.029256
2021-10-30,7.75,,,
2021-10-31,7.75,,,
2021-11-01,7.75,0.95,5.6694,0.029256
2021-11-02,7.75,,,
2021-11-03,7.75,,5.6672,0.029256
2021-11-04,7.75,,5.5942,0.029256
2021-11-05,7.75,,5.5455,0.029256
2021-11-06,7.75,,,
2021-11-07,7.75,,,
2021-11-08,7.75,,5.5627,0.029256
2021-11-09,7.75,,5.4957,0.029256
2021-11-10,7.75,,5.459,0.029256
2021-11-11,7.75,,5.4171,0.029256
2021-11-12,7.75,,5.4199,0.029256
2021-11-13,7.75,,,
2021-11-14,7.75,,,
2021-11-15,7.75,,,
2021-11-16,7.75,,5.4772,0.029256
2021-11-17,7.75,,5.4993,0.029256
2021-11-18,7.75,,5.547,0.029256
2021-11-19,7.75,,5.5584,0.029256
2021-11-20,7.75,,,
2021-11-21,7.75,,,
2021-11-22,7.75,,5.5841,0.029256
2021-11-23,7.75,,5.6456,0.029256
2021-11-24,7.75,,5.6027,0.029256
2021-11-25,7.75,,5.574,0.029256
2021-11-26,7.75,,5.5865,0.029256
2021-11-27,7.75,,,
2021-11-28,7.75,,,
2021-11-29,7.75,,5.6118,0.029256
2021-11-30,7.75,,5.6199,0.029256
2021-12-01,7.75,0.73,5.6168,0.029256
2021-12-02,7.75,,5.6345,0.029256
2021-12-03,7.75,,5.6432,0.029256
2021-12-04,7.75,,,
2021-12-05,7.75,,,
2021-12-06,7.75,,5.6877,0.029256
2021-12-07,7.75,,5.6411,0.029256
2021-12-08,7.75,,5.5779,0.029256
2021-12-09,9.25,,5.5564,0.034749
2021-12-10,9.25,,5.5931,0.034749
2021-12-11,9.25,,,
2021-12-12,9.25,,,
2021-12-13,9.25,,5.6357,0.034749
2021-12-14,9.25,,5.6461,0.034749
2021-12-15,9.25,,5.7127,0.034749
2021-12-16,9.25,,5.6963,0.034749
2021-12-17,9.25,,5.6959,0.034749
2021-12-18,9.25,,,
2021-12-19,9.25,,,
2021-12-20,9.25,,5.7055,0.034749
2021-12-21,9.25,,5.7372,0.034749
2021-12-22,9.25,,5.7201,0.034749
2021-12-23,9.25,,5.691,0.034749
2021-12-24,9.25,,5.6591,0.034749
2021-12-25,9.25,,,
2021-12-26,9.25,,,
2021-12-27,9.25,,5.665,0.034749
2021-12-28,9.25,,5.6438,0.034749
2021-12-29,9.25,,5.6619,0.034749
2021-12-30,9.25,,5.5805,0.034749
2021-12-31,9.25,,5.5805,0.034749
2022-01-01,9.25,0.54,,
2022-01-02,9.25,,,
2022-01-03,9.25,,5.6309,0.034749
2022-01-04,9.25,,5.6776,0.034749
2022-01-05,9.25,,5.6628,0.034749
2022-01-06,9.25,,5.7042,0.034749
2022-01-07,9.25,,5.6753,0.034749
2022-01-08,9.25,,,
2022-01-09,9.25,,,
2022-01-10,9.25,,5.6736,0.034749
2022-01-11,9.25,,5.6351,0.034749
2022-01-12,9.25,,5.5611,0.034749
2022-01-13,9.25,,5.5246,0.034749
2022-01-14,9.25,,5.5349,0.034749
2022-01-15,9.25,,,
2022-01-16,9.25,,,
2022-01-17,9.25,,5.5058,0.034749
2022-01-18,9.25,,5.5213,0.034749
2022-01-19,9.25,,5.4978,0.034749
2022-01-20,9.25,,5.4166,0.034749
2022-01-21,9.25,,5.4401,0.034749
2022-01-22,9.25,,,
2022-01-23,9.25,,,
2022-01-24,9.25,,5.491,0.034749
2022-01-25,9.25,,5.4971,0.034749
2022-01-26,9.25,,5.4324,0.034749
2022-01-27,9.25,,5.3812,0.034749
2022-01-28,9.25,,5.3954,0.034749
2022-01-29,9.25,,,
2022-01-30,9.25,,,
2022-01-31,9.25,,5.3574,0.034749
2022-02-01,9.25,1.01,5.281,0.034749
2022-02-02,9.25,,5.2956,0.034749
2022-02-03,10.75,,5.3025,0.040168
2022-02-04,10.75,,5.3284,0.040168
2022-02-05,10.75,,,
2022-02-06,10.75,,,
2022-02-07,10.75,,5.2913,0.040168
2022-02-08,10.75,,5.2699,0.040168
2022-02-09,10.75,,5.2735,0.040168
2022-02-10,10.75,,5.2101,0.040168
2022-02-11,10.75,,5.1987,0.040168
2022-02-12,10.75,,,
2022-02-13,10.75,,,
2022-02-14,10.75,,5.2106,0.040168
2022-02-15,10.75,,5.1881,0.040168
2022-02-16,10.75,,5.163,0.040168
2022-02-17,10.75,,5.1565,0.040168
2022-02-18,10.75,,5.1339,0.040168
2022-02-19,10.75,,,
2022-02-20,10.75,,,
2022-02-21,10.75,,5.0997,0.040168
2022-02-22,10.75,,5.0611,0.040168
2022-02-23,10.75,,5.0143,0.040168
2022-02-24,10.75,,5.1174,0.040168
2022-02-25,10.75,,5.1394,0.040168
2022-02-26,10.75,,,
2022-02-27,10.75,,,
2022-02-28,10.75,,,
2022-03-01,10.75,1.62,,
2022-03-02,10.75,,5.1347,0.040168
2022-03-03,10.75,,5.0479,0.040168
2022-03-04,10.75,,5.0758,0.040168
2022-03-05,10.75,,,
2022-03-06,10.75,,,
2022-03-07,10.75,,5.0579,0.040168
2022-03-08,10.75,,5.0903,0.040168
2022-03-09,10.75,,5.0094,0.040168
2022-03-10,10.75,,5.0513,0.040168
2022-03-11,10.75,,5.0255,0.040168
2022-03-12,10.75,,,
2022-03-13,10.75,,,
2022-03-14,10.75,,5.0647,0.040168
2022-03-15,10.75,,5.1314,0.040168
2022-03-16,10.75,,5.1287,0.040168
2022-03-17,11.75,,5.0764,0.043739
2022-03-18,11.75,,5.0411,0.043739
2022-03-19,11.75,,,
2022-03-20,11.75,,,
2022-03-21,11.75,,4.9666,0.043739
2022-03-22,11.75,,4.9208,0.043739
2022-03-23,11.75,,4.8704,0.043739
2022-03-24,11.75,,4.8067,0.043739
2022-03-25,11.75,,4.7782,0.043739
2022-03-26,11.75,,,
2022-03-27,11.75,,,
2022-03-28,11.75,,4.7905,0.043739
2022-03-29,11.75,,4.7486,0.043739
2022-03-30,11.75,,4.7497,0.043739
2022-03-31,11.75,,4.7378,0.043739
2022-04-01,11.75,1.06,4.6984,0.043739
2022-04-02,11.75,,,
2022-04-03,11.75,,,
2022-04-04,11.75,,4.6175,0.043739
2022-04-05,11.75,,4.64,0.043739
2022-04-06,11.75,,4.6967,0.043739
2022-04-07,11.75,,4.7422,0.043739
2022-04-08,11.75,,4.7513,0.043739
2022-04-09,11.75,,,
2022-04-10,11.75,,,
2022-04-11,11.75,,4.7025,0.043739
2022-04-12,11.75,,4.6483,0.043739
2022-04-13,11.75,,4.6811,0.043739
2022-04-14,11.75,,4.7158,0.043739
2022-04-15,11.75,,,
2022-04-16,11.75,,,
2022-04-17,11.75,,,
2022-04-18,11.75,,4.6746,0.043739
2022-04-19,11.75,,4.6664,0.043739
2022-04-20,11.75,,4.6397,0.043739
2022-04-21,11.75,,,
2022-04-22,11.75,,4.7326,0.043739
2022-04-23,11.75,,,
2022-04-24,11.75,,,
2022-04-25,11.75,,4.8818,0.043739
2022-04-26,11.75,,4.9666,0.043739
2022-04-27,11.75,,5.0167,0.043739
2022-04-28,11.75,,5.011,0.043739
2022-04-29,11.75,,4.9191,0.043739
2022-04-30,11.75,,,
2022-05-01,11.75,0.47,,
2022-05-02,11.75,,5.0266,0.043739
2022-05-03,11.75,,5.0167,0.043739
2022-05-04,11.75,,5.0093,0.043739
2022-05-05,12.75,,5.0051,0.047279
2022-05-06,12.75,,5.075,0.047279
2022-05-07,12.75,,,
2022-05-08,12.75,,,
2022-05-09,12.75,,5.134,0.047279
2022-05-10,12.75,,5.139,0.047279
2022-05-11,12.75,,5.1244,0.047279
2022-05-12,12.75,,5.1482,0.047279
2022-05-13,12.75,,5.1075,0.047279
2022-05-14,12.75,,,
2022-05-15,12.75,,,
2022-05-16,12.75,,5.0666,0.047279
2022-05-17,12.75,,4.9676,0.047279
2022-05-18,12.75,,4.9592,0.047279
2022-05-19,12.75,,4.9198,0.047279
2022-05-20,12.75,,4.8777,0.047279
2022-05-21,12.75,,,
2022-05-22,12.75,,,
2022-05-23,12.75,,4.7973,0.047279
2022-05-24,12.75,,4.8106,0.047279
2022-05-25,12.75,,4.8359,0.047279
2022-05-26,12.75,,4.7967,0.047279
2022-05-27,12.75,,4.7434,0.047279
2022-05-28,12.75,,,
2022-05-29,12.75,,,
2022-05-30,12.75,,4.7216,0.047279
2022-05-31,12.75,,4.7289,0.047279
2022-06-01,12.75,0.67,4.7765,0.047279
2022-06-02,12.75,,4.7879,0.047279
2022-06-03,12.75,,4.7956,0.047279
2022-06-04,12.75,,,
2022-06-05,12.75,,,
2022-06-06,12.75,,4.7839,0.047279
2022-06-07,12.75,,4.8909,0.047279
2022-06-08,12.75,,4.8711,0.047279
2022-06-09,12.75,,4.8951,0.047279
2022-06-10,12.75,,4.9836,0.047279
2022-06-11,12.75,,,
2022-06-12,12.75,,,
2022-06-13,12.75,,5.1033,0.047279
2022-06-14,12.75,,5.1203,0.047279
2022-06-15,12.75,,5.1119,0.047279
2022-06-16,13.25,,,
2022-06-17,13.25,,5.1313,0.049037
2022-06-18,13.25,,,
2022-06-19,13.25,,,
2022-06-20,13.25,,5.1641,0.049037
2022-06-21,13.25,,5.1462,0.049037
2022-06-22,13.25,,5.1509,0.049037
2022-06-23,13.25,,5.1833,0.049037
2022-06-24,13.25,,5.2334,0.049037
2022-06-25,13.25,,,
2022-06-26,13.25,,,
2022-06-27,13.25,,5.2214,0.049037
2022-06-28,13.25,,5.2179,0.049037
2022-06-29,13.25,,5.2268,0.049037
2022-06-30,13.25,,5.238,0.049037
2022-07-01,13.25,-0.68,5.3142,0.049037
2022-07-02,13.25,,,
2022-07-03,13.25,,,
2022-07-04,13.25,,5.3038,0.049037
2022-07-05,13.25,,5.3899,0.049037
2022-07-06,13.25,,5.4321,0.049037
2022-07-07,13.25,,5.364,0.049037
2022-07-08,13.25,,5.3086,0.049037
2022-07-09,13.25,,,
2022-07-10,13.25,,,
2022-07-11,13.25,,5.3477,0.049037
2022-07-12,13.25,,5.412,0.049037
2022-07-13,13.25,,5.3992,0.049037
2022-07-14,13.25,,5.4568,0.049037
2022-07-15,13.25,,5.4014,0.049037
2022-07-16,13.25,,,
2022-07-17,13.25,,,
2022-07-18,13.25,,5.3675,0.049037
2022-07-19,13.25,,5.3904,0.049037
2022-07-20,13.25,,5.4288,0.049037
2022-07-21,13.25,,5.475,0.049037
2022-07-22,13.25,,5.4522,0.049037
2022-07-23,13.25,,,
2022-07-24,13.25,,,
2022-07-25,13.25,,5.4144,0.049037
2022-07-26,13.25,,5.3608,0.049037
2022-07-27,13.25,,5.3074,0.049037
2022-07-28,13.25,,5.2149,0.049037
2022-07-29,13.25,,5.1884,0.049037
2022-07-30,13.25,,,
2022-07-31,13.25,,,
2022-08-01,13.25,-0.36,5.1606,0.049037
2022-08-02,13.25,,5.2329,0.049037
2022-08-03,13.25,,5.2846,0.049037
2022-08-04,13.75,,5.2409,0.050788
2022-08-05,13.75,,5.2165,0.050788
2022-08-06,13.75,,,
2022-08-07,13.75,,,
2022-08-08,13.75,,5.1247,0.050788
2022-08-09,13.75,,5.1224,0.050788
2022-08-10,13.75,,5.0497,0.050788
2022-08-11,13.75,,5.1127,0.050788
2022-08-12,13.75,,5.1023,0.050788
2022-08-13,13.75,,,
2022-08-14,13.75,,,
2022-08-15,13.75,,5.0925,0.050788
2022-08-16,13.75,,5.134,0.050788
2022-08-17,13.75,,5.1784,0.050788
2022-08-18,13.75,,5.1773,0.050788
2022-08-19,13.75,,5.1961,0.050788
2022-08-20,13.75,,,
2022-08-21,13.75,,,
2022-08-22,13.75,,5.1709,0.050788
2022-08-23,13.75,,5.103,0.050788
2022-08-24,13.75,,5.105,0.050788
2022-08-25,13.75,,5.1173,0.050788
2022-08-26,13.75,,5.0903,0.050788
2022-08-27,13.75,,,
2022-08-28,13.75,,,
2022-08-29,13.75,,5.0428,0.050788
2022-08-30,13.75,,5.0617,0.050788
2022-08-31,13.75,,5.179,0.050788
2022-09-01,13.75,-0.29,5.2007,0.050788
2022-09-02,13.75,,5.1878,0.050788
2022-09-03,13.75,,,
2022-09-04,13.75,,,
2022-09-05,13.75,,5.1686,0.050788
2022-09-06,13.75,,5.2228,0.050788
2022-09-07,13.75,,,
2022-09-08,13.75,,5.2155,0.050788
2022-09-09,13.75,,5.1633,0.050788
2022-09-10,13.75,,,
2022-09-11,13.75,,,
2022-09-12,13.75,,5.1183,0.050788
2022-09-13,13.75,,5.1794,0.050788
2022-09-14,13.75,,5.1774,0.050788
2022-09-15,13.75,,5.2211,0.050788
2022-09-16,13.75,,5.2882,0.050788
2022-09-17,13.75,,,
2022-09-18,13.75,,,
2022-09-19,13.75,,5.2367,0.050788
2022-09-20,13.75,,5.1705,0.050788
2022-09-21,13.75,,5.1692,0.050788
2022-09-22,13.75,,5.1677,0.050788
2022-09-23,13.75,,5.2257,0.050788
2022-09-24,13.75,,,
2022-09-25,13.75,,,
2022-09-26,13.75,,5.3548,0.050788
2022-09-27,13.75,,5.3508,0.050788
2022-09-28,13.75,,5.3594,0.050788
2022-09-29,13.75,,5.3916,0.050788
2022-09-30,13.75,,5.4066,0.050788
2022-10-01,13.75,0.59,,
2022-10-02,13.75,,,
2022-10-03,13.75,,5.2002,0.050788
2022-10-04,13.75,,5.1411,0.050788
2022-10-05,13.75,,5.2144,0.050788
2022-10-06,13.75,,5.2009,0.050788
2022-10-07,13.75,,5.2221,0.050788
2022-10-08,13.75,,,
2022-10-09,13.75,,,
2022-10-10,13.75,,5.1941,0.050788
2022-10-11,13.75,,5.2068,0.050788
2022-10-12,13.75,,,
2022-10-13,13.75,,5.3017,0.050788
2022-10-14,13.75,,5.2824,0.050788
2022-10-15,13.75,,,
2022-10-16,13.75,,,
2022-10-17,13.75,,5.2713,0.050788
2022-10-18,13.75,,5.2697,0.050788
2022-10-19,13.75,,5.2808,0.050788
2022-10-20,13.75,,5.2176,0.050788
2022-10-21,13.75,,5.1919,0.050788
2022-10-22,13.75,,,
2022-10-23,13.75,,,
2022-10-24,13.75,,5.2744,0.050788
2022-10-25,13.75,,5.3091,0.050788
2022-10-26,13.75,,5.3248,0.050788
2022-10-27,13.75,,5.3003,0.050788
2022-10-28,13.75,,5.3454,0.050788
2022-10-29,13.75,,,
2022-10-30,13.75,,,
2022-10-31,13.75,,5.257,0.050788
2022-11-01,13.75,0.41,5.15,0.050788
2022-11-02,13.75,,,
2022-11-03,13.75,,5.1349,0.050788
2022-11-04,13.75,,5.036,0.050788
2022-11-05,13.75,,,
2022-11-06,13.75,,,
2022-11-07,13.75,,5.0886,0.050788
2022-11-08,13.75,,5.1744,0.050788
2022-11-09,13.75,,5.1629,0.050788
2022-11-10,13.75,,5.3064,0.050788
2022-11-11,13.75,,5.3051,0.050788
2022-11-12,13.75,,,
2022-11-13,13.75,,,
2022-11-14,13.75,,5.3013,0.050788
2022-11-15,13.75,,,
2022-11-16,13.75,,5.3204,0.050788
2022-11-17,13.75,,5.4655,0.050788
2022-11-18,13.75,,5.3477,0.050788
2022-11-19,13.75,,,
2022-11-20,13.75,,,
2022-11-21,13.75,,5.3259,0.050788
2022-11-22,13.75,,5.3339,0.050788
2022-11-23,13.75,,5.393,0.050788
2022-11-24,13.75,,5.3149,0.050788
2022-11-25,13.75,,5.3508,0.050788
2022-11-26,13.75,,,
2022-11-27,13.75,,,
2022-11-28,13.75,,5.3796,0.050788
2022-11-29,13.75,,5.3076,0.050788
2022-11-30,13.75,,5.2941,0.050788
2022-12-01,13.75,0.62,5.1948,0.050788
2022-12-02,13.75,,5.1974,0.050788
2022-12-03,13.75,,,
2022-12-04,13.75,,,
2022-12-05,13.75,,5.2464,0.050788
2022-12-06,13.75,,5.2396,0.050788
2022-12-07,13.75,,5.2208,0.050788
2022-12-08,13.75,,5.2091,0.050788
2022-12-09,13.75,,5.2396,0.050788
2022-12-10,13.75,,,
2022-12-11,13.75,,,
2022-12-12,13.75,,5.3066,0.050788
2022-12-13,13.75,,5.2669,0.050788
2022-12-14,13.75,,5.3406,0.050788
2022-12-15,13.75,,5.3183,0.050788
2022-12-16,13.75,,5.2806,0.050788
2022-12-17,13.75,,,
2022-12-18,13.75,,,
2022-12-19,13.75,,5.316,0.050788
2022-12-20,13.75,,5.2427,0.050788
2022-12-21,13.75,,5.2031,0.050788
2022-12-22,13.75,,5.1871,0.050788
2022-12-23,13.75,,5.1445,0.050788
2022-12-24,13.75,,,
2022-12-25,13.75,,,
2022-12-26,13.75,,5.1872,0.050788
2022-12-27,13.75,,5.2832,0.050788
2022-12-28,13.75,,5.2736,0.050788
2022-12-29,13.75,,5.2177,0.050788
2022-12-30,13.75,,5.2177,0.050788
2022-12-31,13.75,,,
2023-01-01,13.75,0.53,,
2023-01-02,13.75,,5.3436,0.050788
2023-01-03,13.75,,5.3759,0.050788
2023-01-04,13.75,,5.4459,0.050788
2023-01-05,13.75,,5.4026,0.050788
2023-01-06,13.75,,5.2855,0.050788
2023-01-07,13.75,,,
2023-01-08,13.75,,,
2023-01-09,13.75,,5.2967,0.050788
2023-01-10,13.75,,5.2395,0.050788
2023-01-11,13.75,,5.202,0.050788
2023-01-12,13.75,,5.14,0.050788
2023-01-13,13.75,,5.1146,0.050788
2023-01-14,13.75,,,
2023-01-15,13.75,,,
2023-01-16,13.75,,5.1115,0.050788
2023-01-17,13.75,,5.1203,0.050788
2023-01-18,13.75,,5.0909,0.050788
2023-01-19,13.75,,5.2144,0.050788
2023-01-20,13.75,,5.1986,0.050788
2023-01-21,13.75,,,
2023-01-22,13.75,,,
2023-01-23,13.75,,5.1922,0.050788
2023-01-24,13.75,,5.1696,0.050788
2023-01-25,13.75,,5.1042,0.050788
2023-01-26,13.75,,5.0951,0.050788
2023-01-27,13.75,,5.0767,0.050788
2023-01-28,13.75,,,
2023-01-29,13.75,,,
2023-01-30,13.75,,5.0959,0.050788
2023-01-31,13.75,,5.0993,0.050788
2023-02-01,13.75,0.84,5.0721,0.050788
2023-02-02,13.75,,4.9901,0.050788
2023-02-03,13.75,,5.103,0.050788
2023-02-04,13.75,,,
2023-02-05,13.75,,,
2023-02-06,13.75,,5.1763,0.050788
2023-02-07,13.75,,5.1695,0.050788
2023-02-08,13.75,,5.2036,0.050788
2023-02-09,13.75,,5.2315,0.050788
2023-02-10,13.75,,5.2526,0.050788
2023-02-11,13.75,,,
2023-02-12,13.75,,,
2023-02-13,13.75,,5.1834,0.050788
2023-02-14,13.75,,5.1507,0.050788
2023-02-15,13.75,,5.2243,0.050788
2023-02-16,13.75,,5.2432,0.050788
2023-02-17,13.75,,5.2012,0.050788
2023-02-18,13.75,,,
2023-02-19,13.75,,,
2023-02-20,13.75,,,
2023-02-21,13.75,,,
2023-02-22,13.75,,5.173,0.050788
2023-02-23,13.75,,5.133,0.050788
2023-02-24,13.75,,5.1791,0.050788
2023-02-25,13.75,,,
2023-02-26,13.75,,,
2023-02-27,13.75,,5.196,0.050788
2023-02-28,13.75,,5.2078,0.050788
2023-03-01,13.75,0.71,5.207,0.050788
2023-03-02,13.75,,5.208,0.050788
2023-03-03,13.75,,5.2037,0.050788
2023-03-04,13.75,,,
2023-03-05,13.75,,,
2023-03-06,13.75,,5.197,0.050788
2023-03-07,13.75,,5.1901,0.050788
2023-03-08,13.75,,5.1387,0.050788
2023-03-09,13.75,,5.1353,0.050788
2023-03-10,13.75,,5.1822,0.050788
2023-03-11,13.75,,,
2023-03-12,13.75,,,
2023-03-13,13.75,,5.24,0.050788
2023-03-14,13.75,,5.2362,0.050788
2023-03-15,13.75,,5.2981,0.050788
2023-03-16,13.75,,5.2892,0.050788
2023-03-17,13.75,,5.2679,0.050788
2023-03-18,13.75,,,
2023-03-19,13.75,,,
2023-03-20,13.75,,5.2467,0.050788
2023-03-21,13.75,,5.2444,0.050788
2023-03-22,13.75,,5.2648,0.050788
2023-03-23,13.75,,5.2632,0.050788
2023-03-24,13.75,,5.2921,0.050788
2023-03-25,13.75,,,
2023-03-26,13.75,,,
2023-03-27,13.75,,5.2306,0.050788
2023-03-28,13.75,,5.1733,0.050788
2023-03-29,13.75,,5.1493,0.050788
2023-03-30,13.75,,5.1254,0.050788
2023-03-31,13.75,,5.0804,0.050788
2023-04-01,13.75,0.61,,
2023-04-02,13.75,,,
2023-04-03,13.75,,5.0637,0.050788
2023-04-04,13.75,,5.0762,0.050788
2023-04-05,13.75,,5.0447,0.050788
2023-04-06,13.75,,5.0683,0.050788
2023-04-07,13.75,,,
2023-04-08,13.75,,,
2023-04-09,13.75,,,
2023-04-10,13.75,,5.0834,0.050788
2023-04-11,13.75,,5.0128,0.050788
2023-04-12,13.75,,4.9496,0.050788
2023-04-13,13.75,,4.9097,0.050788
2023-04-14,13.75,,4.9455,0.050788
2023-04-15,13.75,,,
2023-04-16,13.75,,,
2023-04-17,13.75,,4.9421,0.050788
2023-04-18,13.75,,4.9678,0.050788
2023-04-19,13.75,,5.0467,0.050788
2023-04-20,13.75,,5.0497,0.050788
2023-04-21,13.75,,,
2023-04-22,13.75,,,
2023-04-23,13.75,,,
2023-04-24,13.75,,5.0595,0.050788
2023-04-25,13.75,,5.0613,0.050788
2023-04-26,13.75,,5.0585,0.050788
2023-04-27,13.75,,5.015,0.050788
2023-04-28,13.75,,5.0007,0.050788
2023-04-29,13.75,,,
2023-04-30,13.75,,,
2023-05-01,13.75,0.23,,
2023-05-02,13.75,,5.0334,0.050788
2023-05-03,13.75,,5.0227,0.050788
2023-05-04,13.75,,5.0106,0.050788
2023-05-05,13.75,,4.9696,0.050788
2023-05-06,13.75,,,
2023-05-07,13.75,,,
2023-05-08,13.75,,4.9696,0.050788
2023-05-09,13.75,,5.0007,0.050788
2023-05-10,13.75,,4.9547,0.050788
2023-05-11,13.75,,4.9696,0.050788
2023-05-12,13.75,,4.9234,0.050788
2023-05-13,13.75,,,
2023-05-14,13.75,,,
2023-05-15,13.75,,4.9103,0.050788
2023-05-16,13.75,,4.9122,0.050788
2023-05-17,13.75,,4.9513,0.050788
2023-05-18,13.75,,4.9647,0.050788
2023-05-19,13.75,,4.9858,0.050788
2023-05-20,13.75,,,
2023-05-21,13.75,,,
2023-05-22,13.75,,4.968,0.050788
2023-05-23,13.75,,4.9674,0.050788
2023-05-24,13.75,,4.9474,0.050788
2023-05-25,13.75,,4.999,0.050788
2023-05-26,13.75,,5.0114,0.050788
2023-05-27,13.75,,,
2023-05-28,13.75,,,
2023-05-29,13.75,,4.9954,0.050788
2023-05-30,13.75,,5.0593,0.050788
2023-05-31,13.75,,5.0959,0.050788
2023-06-01,13.75,-0.08,5.035,0.050788
2023-06-02,13.75,,4.9558,0.050788
2023-06-03,13.75,,,
2023-06-04,13.75,,,
2023-06-05,13.75,,4.9236,0.050788
2023-06-06,13.75,,4.9292,0.050788
2023-06-07,13.75,,4.9119,0.050788
2023-06-08,13.75,,,
2023-06-09,13.75,,4.8922,0.050788
2023-06-10,13.75,,,
2023-06-11,13.75,,,
2023-06-12,13.75,,4.8832,0.050788
2023-06-13,13.75,,4.8533,0.050788
2023-06-14,13.75,,4.8462,0.050788
2023-06-15,13.75,,4.8222,0.050788
2023-06-16,13.75,,4.8286,0.050788
2023-06-17,13.75,,,
2023-06-18,13.75,,,
2023-06-19,13.75,,4.7803,0.050788
2023-06-20,13.75,,4.793,0.050788
2023-06-21,13.75,,4.7795,0.050788
2023-06-22,13.75,,4.775,0.050788
2023-06-23,13.75,,4.7799,0.050788
2023-06-24,13.75,,,
2023-06-25,13.75,,,
2023-06-26,13.75,,4.7698,0.050788
2023-06-27,13.75,,4.7903,0.050788
2023-06-28,13.75,,4.8563,0.050788
2023-06-29,13.75,,4.8584,0.050788
2023-06-30,13.75,,4.8192,0.050788
2023-07-01,13.75,0.12,,
2023-07-02,13.75,,,
2023-07-03,13.75,,4.7876,0.050788
2023-07-04,13.75,,4.8056,0.050788
2023-07-05,13.75,,4.8577,0.050788
2023-07-06,13.75,,4.8977,0.050788
2023-07-07,13.75,,4.8799,0.050788
2023-07-08,13.75,,,
2023-07-09,13.75,,,
2023-07-10,13.75,,4.8735,0.050788
2023-07-11,13.75,,4.8949,0.050788
2023-07-12,13.75,,4.8058,0.050788
2023-07-13,13.75,,4.8038,0.050788
2023-07-14,13.75,,4.7957,0.050788
2023-07-15,13.75,,,
2023-07-16,13.75,,,
2023-07-17,13.75,,4.8302,0.050788
2023-07-18,13.75,,4.804,0.050788
2023-07-19,13.75,,4.8,0.050788
2023-07-20,13.75,,4.7888,0.050788
2023-07-21,13.75,,4.7732,0.050788
2023-07-22,13.75,,,
2023-07-23,13.75,,,
2023-07-24,13.75,,4.7457,0.050788
2023-07-25,13.75,,4.7496,0.050788
2023-07-26,13.75,,4.7368,0.050788
2023-07-27,13.75,,4.7202,0.050788
2023-07-28,13.75,,4.7253,0.050788
2023-07-29,13.75,,,
2023-07-30,13.75,,,
2023-07-31,13.75,,4.7415,0.050788
2023-08-01,13.75,0.23,4.7752,0.050788
2023-08-02,13.75,,4.8083,0.050788
2023-08-03,13.25,,4.8797,0.049037
2023-08-04,13.25,,4.8609,0.049037
2023-08-05,13.25,,,
2023-08-06,13.25,,,
2023-08-07,13.25,,4.901,0.049037
2023-08-08,13.25,,4.9217,0.049037
2023-08-09,13.25,,4.9015,0.049037
2023-08-10,13.25,,4.8518,0.049037
2023-08-11,13.25,,4.8918,0.049037
2023-08-12,13.25,,,
2023-08-13,13.25,,,
2023-08-14,13.25,,4.9481,0.049037
2023-08-15,13.25,,4.9812,0.049037
2023-08-16,13.25,,4.9772,0.049037
2023-08-17,13.25,,4.9816,0.049037
2023-08-18,13.25,,4.9724,0.049037
2023-08-19,13.25,,,
2023-08-20,13.25,,,
2023-08-21,13.25,,4.9847,0.049037
2023-08-22,13.25,,4.9431,0.049037
2023-08-23,13.25,,4.8977,0.049037
2023-08-24,13.25,,4.8748,0.049037
2023-08-25,13.25,,4.8772,0.049037
2023-08-26,13.25,,,
2023-08-27,13.25,,,
2023-08-28,13.25,,4.8938,0.049037
2023-08-29,13.25,,4.8706,0.049037
2023-08-30,13.25,,4.8653,0.049037
2023-08-31,13.25,,4.9219,0.049037
2023-09-01,13.25,0.26,4.9318,0.049037
2023-09-02,13.25,,,
2023-09-03,13.25,,,
2023-09-04,13.25,,4.9176,0.049037
2023-09-05,13.25,,4.9705,0.049037
2023-09-06,13.25,,4.9762,0.049037
2023-09-07,13.25,,,
2023-09-08,13.25,,4.9835,0.049037
2023-09-09,13.25,,,
2023-09-10,13.25,,,
2023-09-11,13.25,,4.9366,0.049037
2023-09-12,13.25,,4.9505,0.049037
2023-09-13,13.25,,4.9171,0.049037
2023-09-14,13.25,,4.8751,0.049037
2023-09-15,13.25,,4.8689,0.049037
2023-09-16,13.25,,,
2023-09-17,13.25,,,
2023-09-18,13.25,,4.8535,0.049037
2023-09-19,13.25,,4.8575,0.049037
2023-09-20,13.25,,4.8487,0.049037
2023-09-21,12.75,,4.9229,0.047279
2023-09-22,12.75,,4.9131,0.047279
2023-09-23,12.75,,,
2023-09-24,12.75,,,
2023-09-25,12.75,,4.9606,0.047279
2023-09-26,12.75,,4.9717,0.047279
2023-09-27,12.75,,5.0289,0.047279
2023-09-28,12.75,,5.0475,0.047279
2023-09-29,12.75,,5.0076,0.047279
2023-09-30,12.75,,,
2023-10-01,12.75,0.24,,
2023-10-02,12.75,,5.0679,0.047279
2023-10-03,12.75,,5.11,0.047279
2023-10-04,12.75,,5.1526,0.047279
2023-10-05,12.75,,5.1713,0.047279
2023-10-06,12.75,,5.1918,0.047279
2023-10-07,12.75,,,
2023-10-08,12.75,,,
2023-10-09,12.75,,5.1666,0.047279
2023-10-10,12.75,,5.0862,0.047279
2023-10-11,12.75,,5.0496,0.047279
2023-10-12,12.75,,,
2023-10-13,12.75,,5.0625,0.047279
2023-10-14,12.75,,,
2023-10-15,12.75,,,
2023-10-16,12.75,,5.0618,0.047279
2023-10-17,12.75,,5.0384,0.047279
2023-10-18,12.75,,5.0568,0.047279
2023-10-19,12.75,,5.054,0.047279
2023-10-20,12.75,,5.0528,0.047279
2023-10-21,12.75,,,
2023-10-22,12.75,,,
2023-10-23,12.75,,5.0164,0.047279
2023-10-24,12.75,,5.0065,0.047279
2023-10-25,12.75,,4.9981,0.047279
2023-10-26,12.75,,5.0055,0.047279
2023-10-27,12.75,,4.948,0.047279
2023-10-28,12.75,,,
2023-10-29,12.75,,,
2023-10-30,12.75,,5.0074,0.047279
2023-10-31,12.75,,5.0575,0.047279
2023-11-01,12.75,0.28,5.0194,0.047279
2023-11-02,12.25,,,
2023-11-03,12.25,,4.891,0.045513
2023-11-04,12.25,,,
2023-11-05,12.25,,,
2023-11-06,12.25,,4.8999,0.045513
2023-11-07,12.25,,4.867,0.045513
2023-11-08,12.25,,4.8855,0.045513
2023-11-09,12.25,,4.9007,0.045513
2023-11-10,12.25,,4.9219,0.045513
2023-11-11,12.25,,,
2023-11-12,12.25,,,
2023-11-13,12.25,,4.9247,0.045513
2023-11-14,12.25,,4.8682,0.045513
2023-11-15,12.25,,,
2023-11-16,12.25,,4.8575,0.045513
2023-11-17,12.25,,4.8849,0.045513
2023-11-18,12.25,,,
2023-11-19,12.25,,,
2023-11-20,12.25,,4.8723,0.045513
2023-11-21,12.25,,4.8806,0.045513
2023-11-22,12.25,,4.8968,0.045513
2023-11-23,12.25,,4.8931,0.045513
2023-11-24,12.25,,4.8927,0.045513
2023-11-25,12.25,,,
2023-11-26,12.25,,,
2023-11-27,12.25,,4.8951,0.045513
2023-11-28,12.25,,4.8867,0.045513
2023-11-29,12.25,,4.8933,0.045513
2023-11-30,12.25,,4.9355,0.045513
2023-12-01,12.25,0.56,4.9191,0.045513
2023-12-02,12.25,,,
2023-12-03,12.25,,,
2023-12-04,12.25,,4.9091,0.045513
2023-12-05,12.25,,4.9522,0.045513
2023-12-06,12.25,,4.9031,0.045513
2023-12-07,12.25,,4.8949,0.045513
2023-12-08,12.25,,4.9158,0.045513
2023-12-09,12.25,,,
2023-12-10,12.25,,,
2023-12-11,12.25,,4.944,0.045513
2023-12-12,12.25,,4.9476,0.045513
2023-12-13,12.25,,4.958,0.045513
2023-12-14,11.75,,4.8912,0.043739
2023-12-15,11.75,,4.9397,0.043739
2023-12-16,11.75,,,
2023-12-17,11.75,,,
2023-12-18,11.75,,4.9399,0.043739
2023-12-19,11.75,,4.8663,0.043739
2023-12-20,11.75,,4.8766,0.043739
2023-12-21,11.75,,4.8755,0.043739
2023-12-22,11.75,,4.8619,0.043739
2023-12-23,11.75,,,
2023-12-24,11.75,,,
2023-12-25,11.75,,,
2023-12-26,11.75,,4.8368,0.043739
2023-12-27,11.75,,4.8306,0.043739
2023-12-28,11.75,,4.8413,0.043739
2023-12-29,11.75,,4.8413,0.043739
2023-12-30,11.75,,,
2023-12-31,11.75,,,
2024-01-01,11.75,0.42,,
2024-01-02,11.75,,4.8916,0.043739
2024-01-03,11.75,,4.9212,0.043739
2024-01-04,11.75,,4.9188,0.043739
2024-01-05,11.75,,4.8899,0.043739
2024-01-06,11.75,,,
2024-01-07,11.75,,,
2024-01-08,11.75,,4.885,0.043739
2024-01-09,11.75,,4.8937,0.043739
2024-01-10,11.75,,4.8901,0.043739
2024-01-11,11.75,,4.8794,0.043739
2024-01-12,11.75,,4.8543,0.043739
2024-01-13,11.75,,,
2024-01-14,11.75,,,
2024-01-15,11.75,,4.8765,0.043739
2024-01-16,11.75,,4.9038,0.043739
2024-01-17,11.75,,4.9346,0.043739
2024-01-18,11.75,,4.9403,0.043739
2024-01-19,11.75,,4.9223,0.043739
2024-01-20,11.75,,,
2024-01-21,11.75,,,
2024-01-22,11.75,,4.949,0.043739
2024-01-23,11.75,,4.9715,0.043739
2024-01-24,11.75,,4.9192,0.043739
2024-01-25,11.75,,4.9232,0.043739
2024-01-26,11.75,,4.9125,0.043739
2024-01-27,11.75,,,
2024-01-28,11.75,,,
2024-01-29,11.75,,4.9225,0.043739
2024-01-30,11.75,,4.9638,0.043739
2024-01-31,11.75,,4.9535,0.043739
2024-02-01,11.25,0.83,4.935,0.041957
2024-02-02,11.25,,4.9471,0.041957
2024-02-03,11.25,,,
2024-02-04,11.25,,,
2024-02-05,11.25,,5.0053,0.041957
2024-02-06,11.25,,4.9687,0.041957
2024-02-07,11.25,,4.9608,0.041957
2024-02-08,11.25,,4.9804,0.041957
2024-02-09,11.25,,4.9717,0.041957
2024-02-10,11.25,,,
2024-02-11,11.25,,,
2024-02-12,11.25,,,
2024-02-13,11.25,,,
2024-02-14,11.25,,4.9723,0.041957
2024-02-15,11.25,,4.971,0.041957
2024-02-16,11.25,,4.9761,0.041957
2024-02-17,11.25,,,
2024-02-18,11.25,,,
2024-02-19,11.25,,4.9585,0.041957
2024-02-20,11.25,,4.9408,0.041957
2024-02-21,11.25,,4.9303,0.041957
2024-02-22,11.25,,4.9419,0.041957
2024-02-23,11.25,,4.9851,0.041957
2024-02-24,11.25,,,
2024-02-25,11.25,,,
2024-02-26,11.25,,4.9819,0.041957
2024-02-27,11.25,,4.9575,0.041957
2024-02-28,11.25,,4.9557,0.041957
2024-02-29,11.25,,4.9833,0.041957
2024-03-01,11.25,0.16,4.9596,0.041957
2024-03-02,11.25,,,
2024-03-03,11.25,,,
2024-03-04,11.25,,4.9475,0.041957
2024-03-05,11.25,,4.9488,0.041957
2024-03-06,11.25,,4.9398,0.041957
2024-03-07,11.25,,4.9364,0.041957
2024-03-08,11.25,,4.9751,0.041957
2024-03-09,11.25,,,
2024-03-10,11.25,,,
2024-03-11,11.25,,4.9777,0.041957
2024-03-12,11.25,,4.9813,0.041957
2024-03-13,11.25,,4.9803,0.041957
2024-03-14,11.25,,4.9768,0.041957
2024-03-15,11.25,,4.9937,0.041957
2024-03-16,11.25,,,
2024-03-17,11.25,,,
2024-03-18,11.25,,5.0124,0.041957
2024-03-19,11.25,,5.0352,0.041957
2024-03-20,11.25,,5.012,0.041957
2024-03-21,10.75,,4.9807,0.040168
2024-03-22,10.75,,4.9897,0.040168
2024-03-23,10.75,,,
2024-03-24,10.75,,,
2024-03-25,10.75,,4.9869,0.040168
2024-03-26,10.75,,4.987,0.040168
2024-03-27,10.75,,4.9856,0.040168
2024-03-28,10.75,,4.9962,0.040168
2024-03-29,10.75,,,
2024-03-30,10.75,,,
2024-03-31,10.75,,,
2024-04-01,10.75,0.38,5.0532,0.040168
2024-04-02,10.75,,5.0476,0.040168
2024-04-03,10.75,,5.0724,0.040168
2024-04-04,10.75,,5.0237,0.040168
2024-04-05,10.75,,5.052,0.040168
2024-04-06,10.75,,,
2024-04-07,10.75,,,
2024-04-08,10.75,,5.0421,0.040168
2024-04-09,10.75,,5.008,0.040168
2024-04-10,10.75,,5.0654,0.040168
2024-04-11,10.75,,5.0765,0.040168
2024-04-12,10.75,,5.1364,0.040168
2024-04-13,10.75,,,
2024-04-14,10.75,,,
2024-04-15,10.75,,5.1746,0.040168
2024-04-16,10.75,,5.2635,0.040168
2024-04-17,10.75,,5.2469,0.040168
2024-04-18,10.75,,5.2512,0.040168
2024-04-19,10.75,,5.2269,0.040168
2024-04-20,10.75,,,
2024-04-21,10.75,,,
2024-04-22,10.75,,5.2043,0.040168
2024-04-23,10.75,,5.1626,0.040168
2024-04-24,10.75,,5.1592,0.040168
2024-04-25,10.75,,5.1679,0.040168
2024-04-26,10.75,,5.1184,0.040168
2024-04-27,10.75,,,
2024-04-28,10.75,,,
2024-04-29,10.75,,5.1155,0.040168
2024-04-30,10.75,,5.1718,0.040168
2024-05-01,10.75,0.46,,
2024-05-02,10.75,,5.1184,0.040168
2024-05-03,10.75,,5.0668,0.040168
2024-05-04,10.75,,,
2024-05-05,10.75,,,
2024-05-06,10.75,,5.0727,0.040168
2024-05-07,10.75,,5.061,0.040168
2024-05-08,10.75,,5.0887,0.040168
2024-05-09,10.5,,5.1577,0.03927
2024-05-10,10.5,,5.1464,0.03927
2024-05-11,10.5,,,
2024-05-12,10.5,,,
2024-05-13,10.5,,5.1412,0.03927
2024-05-14,10.5,,5.1356,0.03927
2024-05-15,10.5,,5.1423,0.03927
2024-05-16,10.5,,5.127,0.03927
2024-05-17,10.5,,5.1157,0.03927
2024-05-18,10.5,,,
2024-05-19,10.5,,,
2024-05-20,10.5,,5.1085,0.03927
2024-05-21,10.5,,5.1037,0.03927
2024-05-22,10.5,,5.1502,0.03927
2024-05-23,10.5,,5.1443,0.03927
2024-05-24,10.5,,5.1508,0.03927
2024-05-25,10.5,,,
2024-05-26,10.5,,,
2024-05-27,10.5,,5.1704,0.03927
2024-05-28,10.5,,5.1538,0.03927
2024-05-29,10.5,,5.1972,0.03927
2024-05-30,10.5,,,
2024-05-31,10.5,,5.2416,0.03927
2024-06-01,10.5,0.21,,
2024-06-02,10.5,,,
2024-06-03,10.5,,5.2373,0.03927
2024-06-04,10.5,,5.2687,0.03927
2024-06-05,10.5,,5.2841,0.03927
2024-06-06,10.5,,5.2681,0.03927
2024-06-07,10.5,,5.2802,0.03927
2024-06-08,10.5,,,
2024-06-09,10.5,,,
2024-06-10,10.5,,5.3666,0.03927
2024-06-11,10.5,,5.3524,0.03927
2024-06-12,10.5,,5.3891,0.03927
2024-06-13,10.5,,5.3974,0.03927
2024-06-14,10.5,,5.363,0.03927
2024-06-15,10.5,,,
2024-06-16,10.5,,,
2024-06-17,10.5,,5.413,0.03927
2024-06-18,10.5,,5.4074,0.03927
2024-06-19,10.5,,5.4647,0.03927
2024-06-20,10.5,,5.4254,0.03927
2024-06-21,10.5,,5.4416,0.03927
2024-06-22,10.5,,,
2024-06-23,10.5,,,
2024-06-24,10.5,,5.4,0.03927
2024-06-25,10.5,,5.429,0.03927
2024-06-26,10.5,,5.5097,0.03927
2024-06-27,10.5,,5.5229,0.03927
2024-06-28,10.5,,5.5589,0.03927
2024-06-29,10.5,,,
2024-06-30,10.5,,,
2024-07-01,10.5,0.38,5.5893,0.03927
2024-07-02,10.5,,5.6677,0.03927
2024-07-03,10.5,,5.5863,0.03927
2024-07-04,10.5,,5.4839,0.03927
2024-07-05,10.5,,5.497,0.03927
2024-07-06,10.5,,,
2024-07-07,10.5,,,
2024-07-08,10.5,,5.472,0.03927
2024-07-09,10.5,,5.4387,0.03927
2024-07-10,10.5,,5.3967,0.03927
2024-07-11,10.5,,5.41,0.03927
2024-07-12,10.5,,5.4529,0.03927
2024-07-13,10.5,,,
2024-07-14,10.5,,,
2024-07-15,10.5,,5.4563,0.03927
2024-07-16,10.5,,5.4274,0.03927
2024-07-17,10.5,,5.467,0.03927
2024-07-18,10.5,,5.5426,0.03927
2024-07-19,10.5,,5.5543,0.03927
2024-07-20,10.5,,,
2024-07-21,10.5,,,
2024-07-22,10.5,,5.5598,0.03927
2024-07-23,10.5,,5.5807,0.03927
2024-07-24,10.5,,5.6346,0.03927
2024-07-25,10.5,,5.6402,0.03927
2024-07-26,10.5,,5.6465,0.03927
2024-07-27,10.5,,,
2024-07-28,10.5,,,
2024-07-29,10.5,,5.6479,0.03927
2024-07-30,10.5,,5.6532,0.03927
2024-07-31,10.5,,5.6621,0.03927
2024-08-01,10.5,-0.02,5.6681,0.03927
2024-08-02,10.5,,5.7366,0.03927
2024-08-03,10.5,,,
2024-08-04,10.5,,,
2024-08-05,10.5,,5.7646,0.03927
2024-08-06,10.5,,5.6528,0.03927
2024-08-07,10.5,,5.6093,0.03927
2024-08-08,10.5,,5.6172,0.03927
2024-08-09,10.5,,5.5115,0.03927
2024-08-10,10.5,,,
2024-08-11,10.5,,,
2024-08-12,10.5,,5.4911,0.03927
2024-08-13,10.5,,5.4875,0.03927
2024-08-14,10.5,,5.4502,0.03927
2024-08-15,10.5,,5.4651,0.03927
2024-08-16,10.5,,5.4632,0.03927
2024-08-17,10.5,,,
2024-08-18,10.5,,,
2024-08-19,10.5,,5.4237,0.03927
2024-08-20,10.5,,5.4547,0.03927
2024-08-21,10.5,,5.4707,0.03927
2024-08-22,10.5,,5.5524,0.03927
2024-08-23,10.5,,5.5263,0.03927
2024-08-24,10.5,,,
2024-08-25,10.5,,,
2024-08-26,10.5,,5.4921,0.03927
2024-08-27,10.5,,5.4969,0.03927
2024-08-28,10.5,,5.5315,0.03927
2024-08-29,10.5,,5.6358,0.03927
2024-08-30,10.5,,5.6562,0.03927
2024-08-31,10.5,,,
2024-09-01,10.5,0.44,,
2024-09-02,10.5,,5.623,0.03927
2024-09-03,10.5,,5.6224,0.03927
2024-09-04,10.5,,5.6359,0.03927
2024-09-05,10.5,,5.6049,0.03927
2024-09-06,10.5,,5.5702,0.03927
2024-09-07,10.5,,,
2024-09-08,10.5,,,
2024-09-09,10.5,,5.6097,0.03927
2024-09-10,10.5,,5.6254,0.03927
2024-09-11,10.5,,5.6387,0.03927
2024-09-12,10.5,,5.6554,0.03927
2024-09-13,10.5,,5.5717,0.03927
2024-09-14,10.5,,,
2024-09-15,10.5,,,
2024-09-16,10.5,,5.5207,0.03927
2024-09-17,10.5,,5.501,0.03927
2024-09-18,10.5,,5.4767,0.03927
2024-09-19,10.75,,5.4189,0.040168
2024-09-20,10.75,,5.4775,0.040168
2024-09-21,10.75,,,
2024-09-22,10.75,,,
2024-09-23,10.75,,5.5446,0.040168
2024-09-24,10.75,,5.4702,0.040168
2024-09-25,10.75,,5.4736,0.040168
2024-09-26,10.75,,5.4412,0.040168
2024-09-27,10.75,,5.4431,0.040168
2024-09-28,10.75,,,
2024-09-29,10.75,,,
2024-09-30,10.75,,5.4481,0.040168
2024-10-01,10.75,0.56,5.4521,0.040168
2024-10-02,10.75,,5.4305,0.040168
2024-10-03,10.75,,5.485,0.040168
2024-10-04,10.75,,5.4686,0.040168
2024-10-05,10.75,,,
2024-10-06,10.75,,,
2024-10-07,10.75,,5.4626,0.040168
2024-10-08,10.75,,5.5197,0.040168
2024-10-09,10.75,,5.5737,0.040168
2024-10-10,10.75,,5.5819,0.040168
2024-10-11,10.75,,5.6263,0.040168
2024-10-12,10.75,,,
2024-10-13,10.75,,,
2024-10-14,10.75,,5.6045,0.040168
2024-10-15,10.75,,5.6378,0.040168
2024-10-16,10.75,,5.6749,0.040168
2024-10-17,10.75,,5.6758,0.040168
2024-10-18,10.75,,5.6672,0.040168
2024-10-19,10.75,,,
2024-10-20,10.75,,,
2024-10-21,10.75,,5.7068,0.040168
2024-10-22,10.75,,5.6958,0.040168
2024-10-23,10.75,,5.7149,0.040168
2024-10-24,10.75,,5.7087,0.040168
2024-10-25,10.75,,5.6969,0.040168
2024-10-26,10.75,,,
2024-10-27,10.75,,,
2024-10-28,10.75,,5.6988,0.040168
2024-10-29,10.75,,5.714,0.040168
2024-10-30,10.75,,5.7801,0.040168
2024-10-31,10.75,,5.7779,0.040168
2024-11-01,10.75,0.39,5.8073,0.040168
2024-11-02,10.75,,,
2024-11-03,10.75,,,
2024-11-04,10.75,,5.7898,0.040168
2024-11-05,10.75,,5.7846,0.040168
2024-11-06,10.75,,5.7648,0.040168
2024-11-07,11.25,,5.6624,0.041957
2024-11-08,11.25,,5.7648,0.041957
2024-11-09,11.25,,,
2024-11-10,11.25,,,
2024-11-11,11.25,,5.798,0.041957
2024-11-12,11.25,,5.7694,0.041957
2024-11-13,11.25,,5.7713,0.041957
2024-11-14,11.25,,5.7885,0.041957
2024-11-15,11.25,,,
2024-11-16,11.25,,,
2024-11-17,11.25,,,
2024-11-18,11.25,,5.7603,0.041957
2024-11-19,11.25,,5.7743,0.041957
2024-11-20,11.25,,,
2024-11-21,11.25,,5.8173,0.041957
2024-11-22,11.25,,5.8124,0.041957
2024-11-23,11.25,,,
2024-11-24,11.25,,,
2024-11-25,11.25,,5.8002,0.041957
2024-11-26,11.25,,5.799,0.041957
2024-11-27,11.25,,5.8291,0.041957
2024-11-28,11.25,,5.9871,0.041957
2024-11-29,11.25,,6.0535,0.041957
2024-11-30,11.25,,,
2024-12-01,11.25,0.52,,
2024-12-02,11.25,,6.0634,0.041957
2024-12-03,11.25,,6.0707,0.041957
2024-12-04,11.25,,6.0581,0.041957
2024-12-05,11.25,,5.9849,0.041957
2024-12-06,11.25,,6.0293,0.041957
2024-12-07,11.25,,,
2024-12-08,11.25,,,
2024-12-09,11.25,,6.057,0.041957
2024-12-10,11.25,,6.0529,0.041957
2024-12-11,11.25,,6.032,0.041957
2024-12-12,12.25,,5.9408,0.045513
2024-12-13,12.25,,6.04,0.045513
2024-12-14,12.25,,,
2024-12-15,12.25,,,
2024-12-16,12.25,,6.0509,0.045513
2024-12-17,12.25,,6.1685,0.045513
2024-12-18,12.25,,6.1624,0.045513
2024-12-19,12.25,,6.1841,0.045513
2024-12-20,12.25,,6.078,0.045513
2024-12-21,12.25,,,
2024-12-22,12.25,,,
2024-12-23,12.25,,6.1612,0.045513
2024-12-24,12.25,,6.1541,0.045513
2024-12-25,12.25,,,
2024-12-26,12.25,,6.1656,0.045513
2024-12-27,12.25,,6.1991,0.045513
2024-12-28,12.25,,,
2024-12-29,12.25,,,
2024-12-30,12.25,,6.1923,0.045513
2024-12-31,12.25,,6.1923,0.045513
2025-01-01,12.25,0.16,,
2025-01-02,12.25,,6.2086,0.045513
2025-01-03,12.25,,6.1563,0.045513
2025-01-04,12.25,,,
2025-01-05,12.25,,,
2025-01-06,12.25,,6.1119,0.045513
2025-01-07,12.25,,6.0741,0.045513
2025-01-08,12.25,,6.1321,0.045513
2025-01-09,12.25,,6.0896,0.045513
2025-01-10,12.25,,6.0965,0.045513
2025-01-11,12.25,,,
2025-01-12,12.25,,,
2025-01-13,12.25,,6.1079,0.045513
2025-01-14,12.25,,6.0671,0.045513
2025-01-15,12.25,,6.0377,0.045513
2025-01-16,12.25,,6.0322,0.045513
2025-01-17,12.25,,6.0609,0.045513
2025-01-18,12.25,,,
2025-01-19,12.25,,,
2025-01-20,12.25,,6.0498,0.045513
2025-01-21,12.25,,6.044,0.045513
2025-01-22,12.25,,5.9674,0.045513
2025-01-23,12.25,,5.9399,0.045513
2025-01-24,12.25,,5.8925,0.045513
2025-01-25,12.25,,,
2025-01-26,12.25,,,
2025-01-27,12.25,,5.9272,0.045513
2025-01-28,12.25,,5.893,0.045513
2025-01-29,12.25,,5.8596,0.045513
2025-01-30,13.25,,5.9006,0.049037
2025-01-31,13.25,,5.8301,0.049037
2025-02-01,13.25,1.31,,
2025-02-02,13.25,,,
2025-02-03,13.25,,5.8687,0.049037
2025-02-04,13.25,,5.7927,0.049037
2025-02-05,13.25,,5.7997,0.049037
2025-02-06,13.25,,5.7856,0.049037
2025-02-07,13.25,,5.7557,0.049037
2025-02-08,13.25,,,
2025-02-09,13.25,,,
2025-02-10,13.25,,5.7808,0.049037
2025-02-11,13.25,,5.7788,0.049037
2025-02-12,13.25,,5.7711,0.049037
2025-02-13,13.25,,5.7788,0.049037
2025-02-14,13.25,,5.7283,0.049037
2025-02-15,13.25,,,
2025-02-16,13.25,,,
2025-02-17,13.25,,5.7105,0.049037
2025-02-18,13.25,,5.6979,0.049037
2025-02-19,13.25,,5.7087,0.049037
2025-02-20,13.25,,5.7019,0.049037
2025-02-21,13.25,,5.7027,0.049037
2025-02-22,13.25,,,
2025-02-23,13.25,,,
2025-02-24,13.25,,5.7258,0.049037
2025-02-25,13.25,,5.7779,0.049037
2025-02-26,13.25,,5.7757,0.049037
2025-02-27,13.25,,5.8228,0.049037
2025-02-28,13.25,,5.8488,0.049037
2025-03-01,13.25,0.56,,
2025-03-02,13.25,,,
2025-03-03,13.25,,,
2025-03-04,13.25,,,
2025-03-05,13.25,,5.7914,0.049037
2025-03-06,13.25,,5.7489,0.049037
2025-03-07,13.25,,5.7688,0.049037
2025-03-08,13.25,,,
2025-03-09,13.25,,,
2025-03-10,13.25,,5.793,0.049037
2025-03-11,13.25,,5.8346,0.049037
2025-03-12,13.25,,5.8268,0.049037
2025-03-13,13.25,,5.8131,0.049037
2025-03-14,13.25,,5.7419,0.049037
2025-03-15,13.25,,,
2025-03-16,13.25,,,
2025-03-17,13.25,,5.7082,0.049037
2025-03-18,13.25,,5.6852,0.049037
2025-03-19,13.25,,5.6657,0.049037
2025-03-20,14.25,,5.6628,0.052531
2025-03-21,14.25,,5.7241,0.052531
2025-03-22,14.25,,,
2025-03-23,14.25,,,
2025-03-24,14.25,,5.7403,0.052531
2025-03-25,14.25,,5.6992,0.052531
2025-03-26,14.25,,5.7298,0.052531
2025-03-27,14.25,,5.7474,0.052531
2025-03-28,14.25,,5.766,0.052531
2025-03-29,14.25,,,
2025-03-30,14.25,,,
2025-03-31,14.25,,5.7422,0.052531
2025-04-01,14.25,0.43,5.7051,0.052531
2025-04-02,14.25,,5.6923,0.052531
2025-04-03,14.25,,5.6067,0.052531
2025-04-04,14.25,,5.7777,0.052531
2025-04-05,14.25,,,
2025-04-06,14.25,,,
2025-04-07,14.25,,5.8877,0.052531
2025-04-08,14.25,,5.9368,0.052531
2025-04-09,14.25,,6.0605,0.052531
2025-04-10,14.25,,5.9115,0.052531
2025-04-11,14.25,,5.8737,0.052531
2025-04-12,14.25,,,
2025-04-13,14.25,,,
2025-04-14,14.25,,5.8425,0.052531
2025-04-15,14.25,,5.8707,0.052531
2025-04-16,14.25,,5.8808,0.052531
2025-04-17,14.25,,5.8559,0.052531
2025-04-18,14.25,,,
2025-04-19,14.25,,,
2025-04-20,14.25,,,
2025-04-21,14.25,,,
2025-04-22,14.25,,5.7496,0.052531
2025-04-23,14.25,,5.688,0.052531
2025-04-24,14.25,,5.6738,0.052531
2025-04-25,14.25,,5.6846,0.052531
2025-04-26,14.25,,,
2025-04-27,14.25,,,
2025-04-28,14.25,,5.6681,0.052531
2025-04-29,14.25,,5.6467,0.052531
2025-04-30,14.25,,5.6608,0.052531
2025-05-01,14.25,0.26,,
2025-05-02,14.25,,5.6394,0.052531
2025-05-03,14.25,,,
2025-05-04,14.25,,,
2025-05-05,14.25,,5.652,0.052531
2025-05-06,14.25,,5.721,0.052531
2025-05-07,14.25,,5.7375,0.052531
2025-05-08,14.75,,5.686,0.054266
2025-05-09,14.75,,5.6511,0.054266
2025-05-10,14.75,,,
2025-05-11,14.75,,,
2025-05-12,14.75,,5.6822,0.054266
2025-05-13,14.75,,5.6262,0.054266
2025-05-14,14.75,,5.61,0.054266
2025-05-15,14.75,,5.6328,0.054266
2025-05-16,14.75,,5.6925,0.054266
2025-05-17,14.75,,,
2025-05-18,14.75,,,
2025-05-19,14.75,,5.6591,0.054266
2025-05-20,14.75,,5.662,0.054266
2025-05-21,14.75,,5.6571,0.054266
2025-05-22,14.75,,5.639,0.054266
2025-05-23,14.75,,5.6932,0.054266
2025-05-24,14.75,,,
2025-05-25,14.75,,,
2025-05-26,14.75,,5.6619,0.054266
2025-05-27,14.75,,5.6539,0.054266
2025-05-28,14.75,,5.6936,0.054266
2025-05-29,14.75,,5.6559,0.054266
2025-05-30,14.75,,5.7087,0.054266
2025-05-31,14.75,,,
2025-06-01,14.75,0.24,,
2025-06-02,14.75,,5.6937,0.054266
2025-06-03,14.75,,5.6694,0.054266
2025-06-04,14.75,,5.6332,0.054266
2025-06-05,14.75,,5.5969,0.054266
2025-06-06,14.75,,5.5947,0.054266
2025-06-07,14.75,,,
2025-06-08,14.75,,,
2025-06-09,14.75,,5.576,0.054266
2025-06-10,14.75,,5.5557,0.054266
2025-06-11,14.75,,5.539,0.054266
2025-06-12,14.75,,5.5388,0.054266
2025-06-13,14.75,,5.5652,0.054266
2025-06-14,14.75,,,
2025-06-15,14.75,,,
2025-06-16,14.75,,5.5123,0.054266
2025-06-17,14.75,,5.4773,0.054266
2025-06-18,14.75,,5.4879,0.054266
2025-06-19,15.0,,,
2025-06-20,15.0,,5.4957,0.055131
2025-06-21,15.0,,,
2025-06-22,15.0,,,
2025-06-23,15.0,,5.5213,0.055131
2025-06-24,15.0,,5.4938,0.055131
2025-06-25,15.0,,5.5427,0.055131
2025-06-26,15.0,,5.5145,0.055131
2025-06-27,15.0,,5.4759,0.055131
2025-06-28,15.0,,,
2025-06-29,15.0,,,
2025-06-30,15.0,,5.4571,0.055131
2025-07-01,15.0,0.26,5.4511,0.055131
2025-07-02,15.0,,5.4512,0.055131
2025-07-03,15.0,,5.4208,0.055131
2025-07-04,15.0,,5.409,0.055131
2025-07-05,15.0,,,
2025-07-06,15.0,,,
2025-07-07,15.0,,5.4552,0.055131
2025-07-08,15.0,,5.4571,0.055131
2025-07-09,15.0,,5.4626,0.055131
2025-07-10,15.0,,5.5433,0.055131
2025-07-11,15.0,,5.5722,0.055131
2025-07-12,15.0,,,
2025-07-13,15.0,,,
2025-07-14,15.0,,5.5595,0.055131
2025-07-15,15.0,,5.5576,0.055131
2025-07-16,15.0,,5.5722,0.055131
2025-07-17,15.0,,5.5737,0.055131
2025-07-18,15.0,,5.5466,0.055131
2025-07-19,15.0,,,
2025-07-20,15.0,,,
2025-07-21,15.0,,5.5625,0.055131
2025-07-22,15.0,,5.5709,0.055131
2025-07-23,15.0,,5.5537,0.055131
2025-07-24,15.0,,5.5239,0.055131
2025-07-25,15.0,,5.5426,0.055131
2025-07-26,15.0,,,
2025-07-27,15.0,,,
2025-07-28,15.0,,5.5877,0.055131
2025-07-29,15.0,,5.5764,0.055131
2025-07-30,15.0,,5.6034,0.055131
2025-07-31,15.0,,5.6021,0.055131
2025-08-01,15.0,-0.11,5.5436,0.055131
2025-08-02,15.0,,,
2025-08-03,15.0,,,
2025-08-04,15.0,,5.5113,0.055131
2025-08-05,15.0,,5.5119,0.055131
2025-08-06,15.0,,5.4802,0.055131
2025-08-07,15.0,,5.4638,0.055131
2025-08-08,15.0,,5.4254,0.055131
2025-08-09,15.0,,,
2025-08-10,15.0,,,
2025-08-11,15.0,,5.4473,0.055131
2025-08-12,15.0,,5.4052,0.055131
2025-08-13,15.0,,5.3928,0.055131
2025-08-14,15.0,,5.4095,0.055131
2025-08-15,15.0,,5.3928,0.055131
2025-08-16,15.0,,,
2025-08-17,15.0,,,
2025-08-18,15.0,,5.4155,0.055131
2025-08-19,15.0,,5.4716,0.055131
2025-08-20,15.0,,5.4726,0.055131
2025-08-21,15.0,,5.4828,0.055131
2025-08-22,15.0,,5.4392,0.055131
2025-08-23,15.0,,,
2025-08-24,15.0,,,
2025-08-25,15.0,,5.4174,0.055131
2025-08-26,15.0,,5.4218,0.055131
2025-08-27,15.0,,5.4428,0.055131
2025-08-28,15.0,,5.4115,0.055131
2025-08-29,15.0,,5.4264,0.055131
2025-08-30,15.0,,,
2025-08-31,15.0,,,
2025-09-01,15.0,0.48,5.4378,0.055131
2025-09-02,15.0,,5.468,0.055131
2025-09-03,15.0,,5.4485,0.055131
2025-09-04,15.0,,5.4587,0.055131
2025-09-05,15.0,,5.3968,0.055131
2025-09-06,15.0,,,
2025-09-07,15.0,,,
2025-09-08,15.0,,5.4278,0.055131
2025-09-09,15.0,,5.4278,0.055131
2025-09-10,15.0,,5.4123,0.055131
2025-09-11,15.0,,5.3858,0.055131
2025-09-12,15.0,,5.3677,0.055131
2025-09-13,15.0,,,
2025-09-14,15.0,,,
2025-09-15,15.0,,5.3208,0.055131
2025-09-16,15.0,,5.3096,0.055131
2025-09-17,15.0,,5.3011,0.055131
2025-09-18,15.0,,5.301,0.055131
2025-09-19,15.0,,5.3276,0.055131
2025-09-20,15.0,,,
2025-09-21,15.0,,,
2025-09-22,15.0,,5.3457,0.055131
2025-09-23,15.0,,5.3063,0.055131
2025-09-24,15.0,,5.3112,0.055131
2025-09-25,15.0,,5.3425,0.055131
2025-09-26,15.0,,5.3445,0.055131
2025-09-27,15.0,,,
2025-09-28,15.0,,,
2025-09-29,15.0,,5.3229,0.055131
2025-09-30,15.0,,5.3186,0.055131
2025-10-01,15.0,0.09,5.3208,0.055131
2025-10-02,15.0,,5.3449,0.055131
2025-10-03,15.0,,5.3498,0.055131
2025-10-04,15.0,,,
2025-10-05,15.0,,,
2025-10-06,15.0,,5.3226,0.055131
2025-10-07,15.0,,5.3363,0.055131
2025-10-08,15.0,,5.3427,0.055131
2025-10-09,15.0,,5.3538,0.055131
2025-10-10,15.0,,5.4446,0.055131
2025-10-11,15.0,,,
2025-10-12,15.0,,,
2025-10-13,15.0,,5.4629,0.055131
2025-10-14,15.0,,5.4982,0.055131
2025-10-15,15.0,,5.4464,0.055131
2025-10-16,15.0,,5.4354,0.055131
2025-10-17,15.0,,5.439,0.055131
2025-10-18,15.0,,,
2025-10-19,15.0,,,
2025-10-20,15.0,,5.3771,0.055131
2025-10-21,15.0,,5.3848,0.055131
2025-10-22,15.0,,5.3898,0.055131
2025-10-23,15.0,,5.384,0.055131
2025-10-24,15.0,,5.3797,0.055131
2025-10-25,15.0,,,
2025-10-26,15.0,,,
2025-10-27,15.0,,5.3744,0.055131
2025-10-28,15.0,,5.369,0.055131
2025-10-29,15.0,,5.3416,0.055131
2025-10-30,15.0,,5.385,0.055131
2025-10-31,15.0,,5.3843,0.055131
2025-11-01,15.0,0.18,,
2025-11-02,15.0,,,
2025-11-03,15.0,,5.3505,0.055131
2025-11-04,15.0,,5.3846,0.055131
2025-11-05,15.0,,5.3798,0.055131
2025-11-06,15.0,,5.3451,0.055131
2025-11-07,15.0,,5.3567,0.055131
2025-11-08,15.0,,,
2025-11-09,15.0,,,
2025-11-10,15.0,,5.3181,0.055131
2025-11-11,15.0,,5.2729,0.055131
2025-11-12,15.0,,5.2885,0.055131
2025-11-13,15.0,,5.282,0.055131
2025-11-14,15.0,,5.2952,0.055131
2025-11-15,15.0,,,
2025-11-16,15.0,,,
2025-11-17,15.0,,5.3108,0.055131
2025-11-18,15.0,,5.3361,0.055131
2025-11-19,15.0,,5.3346,0.055131
2025-11-20,15.0,,,
2025-11-21,15.0,,5.3902,0.055131
2025-11-22,15.0,,,
2025-11-23,15.0,,,
2025-11-24,15.0,,5.3948,0.055131
2025-11-25,15.0,,5.3841,0.055131
2025-11-26,15.0,,5.3694,0.055131
2025-11-27,15.0,,5.349,0.055131
2025-11-28,15.0,,5.3338,0.055131
2025-11-29,15.0,,,
2025-11-30,15.0,,,
2025-12-01,15.0,0.33,5.3469,0.055131
2025-12-02,15.0,,5.3465,0.055131
2025-12-03,15.0,,5.3114,0.055131
2025-12-04,15.0,,5.2952,0.055131
2025-12-05,15.0,,5.3405,0.055131
2025-12-06,15.0,,,
2025-12-07,15.0,,,
2025-12-08,15.0,,5.4249,0.055131
2025-12-09,15.0,,5.457,0.055131
2025-12-10,15.0,,5.4656,0.055131
2025-12-11,15.0,,5.4237,0.055131
2025-12-12,15.0,,5.4011,0.055131
2025-12-13,15.0,,,
2025-12-14,15.0,,,
2025-12-15,15.0,,5.3929,0.055131
2025-12-16,15.0,,5.4505,0.055131
2025-12-17,15.0,,5.5093,0.055131
2025-12-18,15.0,,5.5283,0.055131
2025-12-19,15.0,,5.516,0.055131
2025-12-20,15.0,,,
2025-12-21,15.0,,,
2025-12-22,15.0,,5.5389,0.055131
2025-12-23,15.0,,5.5643,0.055131
2025-12-24,15.0,,5.535,0.055131
2025-12-25,15.0,,,
2025-12-26,15.0,,5.5413,0.055131
2025-12-27,15.0,,,
2025-12-28,15.0,,,
2025-12-29,15.0,,5.5739,0.055131
2025-12-30,15.0,,5.5024,0.055131
2025-12-31,15.0,,5.5024,0.055131
2026-01-01,15.0,0.33,,
2026-01-02,15.0,,5.4372,0.055131
2026-01-03,15.0,,,
2026-01-04,15.0,,,
2026-01-05,15.0,,5.4351,0.055131
2026-01-06,15.0,,5.3797,0.055131
2026-01-07,15.0,,5.388,0.055131
2026-01-08,15.0,,5.386,0.055131
2026-01-09,15.0,,5.3707,0.055131
2026-01-10,15.0,,,
2026-01-11,15.0,,,
2026-01-12,15.0,,5.376,0.055131
2026-01-13,15.0,,5.3764,0.055131
2026-01-14,15.0,,5.3795,0.055131
2026-01-15,15.0,,5.3846,0.055131
2026-01-16,15.0,,5.3798,0.055131
2026-01-17,15.0,,,
2026-01-18,15.0,,,
2026-01-19,15.0,,5.3653,0.055131
2026-01-20,15.0,,5.379,0.055131
2026-01-21,15.0,,5.3368,0.055131
2026-01-22,15.0,,5.3118,0.055131
2026-01-23,15.0,,5.2879,0.055131
2026-01-24,15.0,,,
2026-01-25,15.0,,,
2026-01-26,15.0,,5.276,0.055131
2026-01-27,15.0,,5.2392,0.055131
2026-01-28,15.0,,5.1838,0.055131
2026-01-29,15.0,,5.1956,0.055131
2026-01-30,15.0,,5.2301,0.055131
2026-01-31,15.0,,,
2026-02-01,15.0,0.7,,
2026-02-02,15.0,,5.2587,0.055131
2026-02-03,15.0,,5.2236,0.055131
2026-02-04,15.0,,5.2359,0.055131
2026-02-05,15.0,,5.258,0.055131
2026-02-06,15.0,,5.2341,0.055131
2026-02-07,15.0,,,
2026-02-08,15.0,,,
2026-02-09,15.0,,5.1943,0.055131
2026-02-10,15.0,,5.2021,0.055131
2026-02-11,15.0,,5.1836,0.055131
2026-02-12,15.0,,5.1674,0.055131
2026-02-13,15.0,,5.2288,0.055131
2026-02-14,15.0,,,
2026-02-15,15.0,,,
2026-02-16,15.0,,,
2026-02-17,15.0,,,
2026-02-18,15.0,,5.2349,0.055131
2026-02-19,15.0,,5.2257,0.055131
2026-02-20,15.0,,5.2006,0.055131
2026-02-21,15.0,,,
2026-02-22,15.0,,,
2026-02-23,15.0,,5.1635,0.055131
2026-02-24,15.0,,5.1682,0.055131
2026-02-25,15.0,,5.144,0.055131
2026-02-26,15.0,,5.1382,0.055131
2026-02-27,15.0,,5.1495,0.055131
2026-02-28,15.0,,,
2026-03-01,15.0,0.88,,
2026-03-02,15.0,,5.2001,0.055131
2026-03-03,15.0,,5.287,0.055131
2026-03-04,15.0,,5.2091,0.055131
2026-03-05,15.0,,5.2447,0.055131
2026-03-06,15.0,,5.2878,0.055131
2026-03-07,15.0,,,
2026-03-08,15.0,,,
2026-03-09,15.0,,5.2139,0.055131
2026-03-10,15.0,,5.1622,0.055131
2026-03-11,15.0,,5.1596,0.055131
2026-03-12,15.0,,5.2051,0.055131
2026-03-13,15.0,,5.2541,0.055131
2026-03-14,15.0,,,
2026-03-15,15.0,,,
2026-03-16,15.0,,5.2647,0.055131
2026-03-17,15.0,,5.2022,0.055131
2026-03-18,15.0,,5.2112,0.055131
2026-03-19,14.75,,5.2587,0.054266
2026-03-20,14.75,,5.28,0.054266
2026-03-21,14.75,,,
2026-03-22,14.75,,,
2026-03-23,14.75,,5.244,0.054266
2026-03-24,14.75,,5.2599,0.054266
2026-03-25,14.75,,5.2275,0.054266
2026-03-26,14.75,,5.2308,0.054266
2026-03-27,14.75,,5.2376,0.054266
2026-03-28,14.75,,,
2026-03-29,14.75,,,
2026-03-30,14.75,,5.2353,0.054266
2026-03-31,14.75,,5.2194,0.054266
2026-04-01,14.75,0.67,5.1606,0.054266
2026-04-02,14.75,,5.1655,0.054266
2026-04-03,14.75,,,
2026-04-04,14.75,,,
2026-04-05,14.75,,,
2026-04-06,14.75,,5.1532,0.054266
2026-04-07,14.75,,5.1625,0.054266
2026-04-08,14.75,,5.0899,0.054266
2026-04-09,14.75,,5.0821,0.054266
2026-04-10,14.75,,5.0229,0.054266
2026-04-11,14.75,,,
2026-04-12,14.75,,,
2026-04-13,14.75,,5.0244,0.054266
2026-04-14,14.75,,4.9806,0.054266
2026-04-15,14.75,,4.9928,0.054266
2026-04-16,14.75,,5.0007,0.054266
2026-04-17,14.75,,4.9695,0.054266
2026-04-18,14.75,,,
2026-04-19,14.75,,,
2026-04-20,14.75,,4.9844,0.054266
2026-04-21,14.75,,,
2026-04-22,14.75,,4.9653,0.054266
2026-04-23,14.75,,4.9539,0.054266
2026-04-24,14.75,,5.0083,0.054266
2026-04-25,14.75,,,
2026-04-26,14.75,,,
2026-04-27,14.75,,4.97,0.054266
2026-04-28,14.75,,4.9878,0.054266
2026-04-29,14.75,,4.9985,0.054266
2026-04-30,14.5,,4.9886,0.0534
2026-05-01,14.5,0.58,,
2026-05-02,14.5,,,
2026-05-03,14.5,,,
2026-05-04,14.5,,4.9587,0.0534
2026-05-05,14.5,,4.9242,0.0534
2026-05-06,14.5,,4.9274,0.0534
2026-05-07,14.5,,4.917,0.0534
2026-05-08,14.5,,4.8999,0.0534
2026-05-09,14.5,,,
2026-05-10,14.5,,,
2026-05-11,14.5,,4.8973,0.0534
2026-05-12,14.5,,4.8977,0.0534
2026-05-13,14.5,,4.9118,0.0534
2026-05-14,14.5,,4.9809,0.0534
2026-05-15,14.5,,5.0654,0.0534
2026-05-16,14.5,,,
2026-05-17,14.5,,,
2026-05-18,14.5,,5.0093,0.0534
2026-05-19,14.5,,5.0378,0.0534
2026-05-20,14.5,,5.0301,0.0534
2026-05-21,14.5,,5.0077,0.0534
2026-05-22,14.5,,5.014,0.0534
2026-05-23,14.5,,,
2026-05-24,14.5,,,
2026-05-25,14.5,,5.0072,0.0534
2026-05-26,14.5,,5.0211,0.0534
2026-05-27,14.5,,5.0579,0.0534
2026-05-28,14.5,,5.0517,0.0534
2026-05-29,14.5,,5.0569,0.0534
2026-05-30,14.5,,,
2026-05-31,14.5,,,
2026-06-01,14.5,0.16,5.0303,0.0534
2026-06-02,14.5,,5.016,0.0534
2026-06-03,14.5,,5.0415,0.0534
2026-06-04,14.5,,,
2026-06-05,14.5,,5.1244,0.0534
2026-06-06,14.5,,,
2026-06-07,14.5,,,
2026-06-08,14.5,,5.1695,0.0534
2026-06-09,14.5,,5.1693,0.0534
2026-06-10,14.5,,5.1763,0.0534
2026-06-11,14.5,,5.1478,0.0534
2026-06-12,14.5,,5.0827,0.0534
2026-06-13,14.5,,,
2026-06-14,14.5,,,
2026-06-15,14.5,,5.043,0.0534
2026-06-16,14.5,,5.078,0.0534
2026-06-17,14.5,,5.0641,0.0534
2026-06-18,14.25,,5.1613,0.052531
2026-06-19,14.25,,5.1442,0.052531
2026-06-20,14.25,,,
2026-06-21,14.25,,,
2026-06-22,14.25,,5.1395,0.052531
2026-06-23,14.25,,5.1743,0.052531
2026-06-24,14.25,,5.2098,0.052531
2026-06-25,14.25,,5.1892,0.052531
2026-06-26,14.25,,5.1695,0.052531
2026-06-27,14.25,,,
2026-06-28,14.25,,,
2026-06-29,14.25,,5.1717,0.052531
2026-06-30,14.25,,5.1766,0.052531
2026-07-01,14.25,0.07,5.195,0.052531
2026-07-02,14.25,,5.1945,0.052531
2026-07-03,14.25,,5.1717,0.052531
2026-07-04,14.25,,,
2026-07-05,14.25,,,
2026-07-06,14.25,,5.167,0.052531
2026-07-07,14.25,,5.1458,0.052531
2026-07-08,14.25,,5.1552,0.052531
2026-07-09,14.25,,5.1329,0.052531
2026-07-10,14.25,,5.1088,0.052531
2026-07-11,14.25,,,
2026-07-12,14.25,,,
2026-07-13,14.25,,5.1183,0.052531
2026-07-14,14.25,,5.0742,0.052531
2026-07-15,14.25,,5.0727,0.052531
2026-07-16,14.25,,5.0975,0.052531
2026-07-17,14.25,,5.1176,0.052531
2026-07-18,14.25,,,
2026-07-19,14.25,,,
2026-07-20,14.25,,5.0894,0.052531
2026-07-21,14.25,,5.078,0.052531
2026-07-22,14.25,,5.0638,0.052531
2026-07-23,14.25,,5.0807,0.052531
2026-07-24,14.25,,5.0666,0.052531
2026-07-25,14.25,,,
2026-07-26,14.25,,,
2026-07-27,14.25,,5.1005,0.052531
2026-07-28,14.25,,5.1177,0.052531
2026-07-29,14.25,,5.1217,0.052531
2026-07-30,14.25,,5.0739,0.052531
2026-07-31,14.25,,5.0773,0.052531
2026-08-01,14.25,,,
2026-08-02,14.25,,,
2026-08-03,14.25,,5.0723,0.052531
2026-08-04,14.25,,5.1053,0.052531
2026-08-05,14.25,,5.1154,0.052531
2026-08-06,14.0,,5.1017,0.05166
2026-08-07,14.0,,5.0908,0.05166
2026-08-08,14.0,,,
2026-08-09,14.0,,,
2026-08-10,14.0,,5.0963,0.05166
2026-08-11,14.0,,5.1285,0.05166
2026-08-12,14.0,,5.1639,0.05166
2026-08-13,14.0,,5.1859,0.05166
2026-08-14,14.0,,5.2236,
2026-08-15,14.0,,,
2026-08-16,14.0,,,
