Data,Selic_std,Selic_mediana,IPCA_std,IPCA_mediana
2020-08-17,0.4116666666666667,2.2083333333333335,0.08611111111111111,0.24916666666666668
2020-08-18,0.42333333333333334,2.2083333333333335,0.08694444444444444,0.25111111111111106
2020-08-19,0.42250000000000004,2.2083333333333335,0.08722222222222223,0.2511111111111111
2020-08-20,0.4191666666666667,2.2083333333333335,0.08611111111111111,0.25194444444444447
2020-08-21,0.4166666666666667,2.2083333333333335,0.08333333333333333,0.25194444444444447
2020-08-24,0.4191666666666667,2.1875,0.08,0.2513888888888889
2020-08-25,0.4191666666666667,2.1875,0.07777777777777778,0.2525
2020-08-26,0.41500000000000004,2.1875,0.08027777777777778,0.2511111111111111
2020-08-27,0.41583333333333333,2.1875,0.08055555555555555,0.2511111111111111
2020-08-28,0.4141666666666666,2.1983333333333333,0.08166666666666667,0.2508333333333333
2020-08-31,0.4025,2.2083333333333335,0.08166666666666667,0.2538888888888889
2020-09-01,0.4008333333333333,2.1983333333333333,0.08277777777777778,0.2536111111111111
2020-09-02,0.4008333333333333,2.1983333333333333,0.08361111111111112,0.2544444444444445
2020-09-03,0.39999999999999997,2.1983333333333333,0.08277777777777778,0.2538888888888889
2020-09-04,0.40166666666666667,2.1983333333333333,0.08222222222222222,0.25555555555555554
2020-09-08,0.39999999999999997,2.1875,0.0788888888888889,0.2561111111111111
2020-09-09,0.3925,2.1875,0.08083333333333334,0.2652777777777778
2020-09-10,0.3958333333333333,2.1875,0.0811111111111111,0.26333333333333336
2020-09-11,0.38083333333333336,2.1666666666666665,0.08416666666666667,0.27305555555555555
2020-09-14,0.375,2.1666666666666665,0.08416666666666667,0.27055555555555555
2020-09-15,0.375,2.1666666666666665,0.08472222222222221,0.2711111111111111
2020-09-16,0.375,2.1666666666666665,0.08444444444444445,0.27055555555555555
2020-09-17,0.3741666666666667,2.3541666666666665,0.08416666666666667,0.2702777777777778
2020-09-18,0.43166666666666664,2.2708333333333335,0.08527777777777777,0.2711111111111111
2020-09-21,0.45,2.2916666666666665,0.08722222222222223,0.275
2020-09-22,0.45,2.2916666666666665,0.08694444444444444,0.2752777777777778
2020-09-23,0.45249999999999996,2.2916666666666665,0.08888888888888889,0.27805555555555556
2020-09-24,0.4483333333333333,2.2816666666666667,0.08888888888888889,0.28
2020-09-25,0.4366666666666667,2.2399999999999998,0.08777777777777779,0.28611111111111115
2020-09-28,0.4375,2.2291666666666665,0.08777777777777779,0.2847222222222222
2020-09-29,0.4383333333333333,2.2291666666666665,0.08722222222222223,0.2866666666666667
2020-09-30,0.4383333333333333,2.2291666666666665,0.08638888888888889,0.28583333333333333
2020-10-01,0.435,2.2291666666666665,0.08361111111111112,0.28444444444444444
2020-10-02,0.4375,2.2291666666666665,0.08416666666666667,0.2875
2020-10-05,0.4458333333333333,2.2291666666666665,0.085,0.2863888888888889
2020-10-06,0.4458333333333333,2.2291666666666665,0.08861111111111111,0.2863888888888889
2020-10-07,0.44,2.2291666666666665,0.08861111111111111,0.2875
2020-10-08,0.44166666666666665,2.2291666666666665,0.08916666666666667,0.28944444444444445
2020-10-09,0.4033333333333333,2.2399999999999998,0.08944444444444445,0.2866666666666667
2020-10-13,0.4058333333333333,2.2608333333333333,0.08805555555555555,0.29388888888888887
2020-10-14,0.4033333333333333,2.2608333333333333,0.08638888888888889,0.2941666666666667
2020-10-15,0.4008333333333333,2.2708333333333335,0.08583333333333333,0.295
2020-10-16,0.3925,2.2608333333333333,0.08944444444444445,0.29666666666666663
2020-10-19,0.3875,2.25,0.09083333333333334,0.3011111111111111
2020-10-20,0.39666666666666667,2.2608333333333333,0.09027777777777778,0.3002777777777778
2020-10-21,0.395,2.2399999999999998,0.09027777777777778,0.3027777777777778
2020-10-22,0.4116666666666667,2.250833333333333,0.0875,0.30333333333333334
2020-10-23,0.43333333333333335,2.2916666666666665,0.08833333333333333,0.3169444444444445
2020-10-26,0.42166666666666663,2.2916666666666665,0.08777777777777779,0.3186111111111111
2020-10-27,0.42166666666666663,2.2916666666666665,0.08861111111111111,0.3188888888888889
2020-10-28,0.42166666666666663,2.2916666666666665,0.08888888888888889,0.32
2020-10-29,0.5316666666666666,2.4166666666666665,0.08861111111111111,0.3202777777777778
2020-10-30,0.5241666666666667,2.4899999999999998,0.09361111111111112,0.32583333333333336
2020-11-03,0.52,2.4591666666666665,0.09305555555555556,0.3269444444444444
2020-11-04,0.52,2.4591666666666665,0.09305555555555556,0.3302777777777778
2020-11-05,0.5133333333333333,2.4591666666666665,0.09277777777777778,0.3277777777777778
2020-11-06,0.5208333333333334,2.4691666666666667,0.09194444444444444,0.3038888888888889
2020-11-09,0.5208333333333334,2.4483333333333333,0.08972222222222222,0.3047222222222222
2020-11-10,0.5225,2.4591666666666665,0.0913888888888889,0.3061111111111111
2020-11-11,0.5225,2.4591666666666665,0.09166666666666666,0.3063888888888889
2020-11-12,0.52,2.4375,0.09194444444444444,0.30666666666666664
2020-11-13,0.5175,2.4483333333333333,0.09666666666666666,0.3141666666666667
2020-11-16,0.52,2.4691666666666667,0.09527777777777778,0.31222222222222223
2020-11-17,0.5183333333333333,2.4691666666666667,0.09416666666666668,0.3141666666666667
2020-11-18,0.5183333333333333,2.4691666666666667,0.09416666666666668,0.3141666666666667
2020-11-19,0.5216666666666666,2.4791666666666665,0.09277777777777778,0.31805555555555554
2020-11-20,0.5158333333333334,2.5,0.09055555555555556,0.3275
2020-11-23,0.5275,2.5625,0.09000000000000001,0.33111111111111113
2020-11-24,0.5266666666666667,2.5625,0.09055555555555556,0.3327777777777778
2020-11-25,0.5258333333333333,2.5625,0.0911111111111111,0.3327777777777778
2020-11-26,0.5258333333333333,2.5625,0.0913888888888889,0.3336111111111111
2020-11-27,0.5516666666666666,2.5833333333333335,0.09194444444444444,0.33888888888888885
2020-11-30,0.5525,2.6041666666666665,0.09527777777777778,0.3427777777777778
2020-12-01,0.5633333333333334,2.6041666666666665,0.10472222222222222,0.34777777777777774
2020-12-02,0.5575,2.6041666666666665,0.10861111111111112,0.3561111111111111
2020-12-03,0.5566666666666666,2.6041666666666665,0.10833333333333334,0.35694444444444445
2020-12-04,0.5275,2.625,0.10722222222222223,0.3661111111111111
2020-12-07,0.5275,2.625,0.10583333333333333,0.3652777777777778
2020-12-08,0.5216666666666666,2.625,0.1061111111111111,0.3333333333333333
2020-12-09,0.5216666666666666,2.625,0.1061111111111111,0.3333333333333333
2020-12-10,0.5633333333333334,2.8125,0.10555555555555556,0.3327777777777778
2020-12-11,0.5625,2.8233333333333337,0.10444444444444445,0.335
2020-12-14,0.5766666666666667,2.8441666666666667,0.10611111111111111,0.3425
2020-12-15,0.57,2.8333333333333335,0.10166666666666667,0.34194444444444444
2020-12-16,0.5625,2.8333333333333335,0.10361111111111111,0.34305555555555556
2020-12-17,0.5650000000000001,2.8333333333333335,0.10333333333333333,0.3427777777777778
2020-12-18,0.5733333333333334,2.856666666666667,0.10277777777777779,0.3408333333333333
2020-12-21,0.5766666666666667,2.8341666666666665,0.10277777777777779,0.3411111111111111
2020-12-22,0.5775,2.855,0.10305555555555555,0.3402777777777778
2020-12-23,0.5758333333333333,2.8341666666666665,0.10416666666666667,0.34
2020-12-24,0.5766666666666667,2.8341666666666665,0.10416666666666667,0.34138888888888885
2020-12-28,0.5791666666666667,2.8341666666666665,0.1061111111111111,0.33722222222222226
2020-12-29,0.5758333333333333,2.8125,0.10444444444444445,0.33666666666666667
2020-12-30,0.5758333333333333,2.8125,0.10333333333333333,0.33666666666666667
2020-12-31,0.5683333333333334,2.8125,0.10361111111111111,0.3352777777777778
2021-01-04,0.5791666666666667,2.8858333333333337,0.10361111111111111,0.33638888888888885
2021-01-05,0.5783333333333334,2.8858333333333337,0.10166666666666667,0.33555555555555555
2021-01-06,0.5791666666666667,2.875,0.10166666666666667,0.3358333333333333
2021-01-07,0.5783333333333334,2.8341666666666665,0.1075,0.33472222222222225
2021-01-08,0.58,2.8541666666666665,0.10666666666666666,0.3386111111111111
2021-01-11,0.5641666666666666,2.8125,0.10527777777777778,0.3386111111111111
2021-01-12,0.5650000000000001,2.8333333333333335,0.10222222222222223,0.2791666666666667
2021-01-13,0.5533333333333333,2.875,0.10333333333333333,0.28444444444444444
2021-01-14,0.55,2.8541666666666665,0.09944444444444445,0.28694444444444445
2021-01-15,0.5425,2.920833333333333,0.09666666666666666,0.2922222222222222
2021-01-18,0.5433333333333333,2.9691666666666667,0.09555555555555556,0.2922222222222222
2021-01-19,0.65125,3.226875,0.0872,0.2882
2021-01-20,0.641875,3.258125,0.091,0.2912
2021-01-21,0.603125,3.5,0.0916,0.2828
2021-01-22,0.640625,3.656875,0.1014,0.29059999999999997
2021-01-25,0.6375,3.68,0.10060000000000001,0.2892
2021-01-26,0.629375,3.743125,0.1008,0.2892
2021-01-27,0.64875,3.71875,0.0986,0.2882
2021-01-28,0.638125,3.765625,0.09820000000000001,0.2888
2021-01-29,0.624375,3.859375,0.09380000000000001,0.28919999999999996
2021-02-01,0.623125,3.859375,0.0946,0.2902
2021-02-02,0.616875,3.859375,0.0944,0.2902
2021-02-03,0.615625,3.859375,0.0928,0.2916
2021-02-04,0.615,3.859375,0.0924,0.2912
2021-02-05,0.608125,3.859375,0.0886,0.29259999999999997
2021-02-08,0.61125,3.89875,0.08779999999999999,0.2918
2021-02-09,0.619375,3.921875,0.0942,0.295
2021-02-10,0.619375,3.921875,0.0946,0.2988
2021-02-11,0.624375,3.921875,0.09359999999999999,0.2982
2021-02-12,0.61,3.96875,0.0928,0.301
2021-02-17,0.5775,3.984375,0.09179999999999999,0.30260000000000004
2021-02-18,0.576875,4.02375,0.0886,0.3034
2021-02-19,0.5725,4.03125,0.09140000000000001,0.3058
2021-02-22,0.5975,4.081875,0.0908,0.3072
2021-02-23,0.58125,4.081875,0.09,0.30760000000000004
2021-02-24,0.580625,4.09375,0.09040000000000001,0.30820000000000003
2021-02-25,0.57875,4.08625,0.0902,0.30820000000000003
2021-02-26,0.584375,4.140625,0.08839999999999999,0.3132
2021-03-01,0.583125,4.15625,0.0828,0.3114
2021-03-02,0.58125,4.171875,0.0848,0.3108
2021-03-03,0.584375,4.175625,0.085,0.31120000000000003
2021-03-04,0.585625,4.195625,0.0854,0.3102
2021-03-05,0.605625,4.27375,0.0908,0.317
2021-03-08,0.6225,4.285,0.09699999999999999,0.321
2021-03-09,0.623125,4.293125,0.0968,0.3226
2021-03-10,0.6587500000000001,4.359375,0.09620000000000001,0.3234
2021-03-11,0.666875,4.383125,0.0964,0.3122
2021-03-12,0.64375,4.625,0.09720000000000001,0.32280000000000003
2021-03-15,0.638125,4.6875,0.09540000000000001,0.3236
2021-03-16,0.63625,4.6875,0.0944,0.32280000000000003
2021-03-17,0.635,4.71875,0.0946,0.3234
2021-03-18,0.650625,4.96875,0.095,0.32380000000000003
2021-03-19,0.68,5.0475,0.0956,0.3232
2021-03-22,0.6793750000000001,5.078125,0.0968,0.3236
2021-03-23,0.65,5.125625,0.09960000000000001,0.32520000000000004
2021-03-24,0.64375,5.14875,0.1,0.32780000000000004
2021-03-25,0.630625,5.18,0.099,0.3272
2021-03-26,0.62,5.3125,0.0932,0.32799999999999996
2021-03-29,0.595625,5.296875,0.0956,0.33
2021-03-30,0.58625,5.3125,0.09820000000000001,0.33039999999999997
2021-03-31,0.549934375,5.40625,0.09782400000000001,0.32941200000000004
2021-04-01,0.54855,5.4296875,0.096782,0.329722
2021-04-05,0.544715625,5.51171875,0.098474,0.333696
2021-04-06,0.554284375,5.515625,0.097264,0.33108
2021-04-07,0.511146875,5.49609375,0.09102,0.32750799999999997
2021-04-08,0.51080625,5.4453125,0.090818,0.32671999999999995
2021-04-09,0.5233375,5.43359375,0.09442600000000001,0.303274
2021-04-12,0.633284375,5.44140625,0.094474,0.304764
2021-04-13,0.624234375,5.44140625,0.09377200000000001,0.30559200000000003
2021-04-14,0.62524375,5.4296875,0.093126,0.30597
2021-04-15,0.611128125,5.453125,0.09169599999999999,0.304804
2021-04-16,0.597596875,5.4296875,0.093126,0.305186
2021-04-19,0.50615,5.48828125,0.094204,0.308204
2021-04-20,0.5105031250000001,5.48828125,0.09423999999999999,0.308512
2021-04-22,0.500921875,5.51953125,0.092908,0.308982
2021-04-23,0.528753125,5.51171875,0.098972,0.310184
2021-04-26,0.52333125,5.52734375,0.09889799999999999,0.31085
2021-04-27,0.517709375,5.5234375,0.099018,0.310446
2021-04-28,0.5150375,5.546875,0.100068,0.310778
2021-04-29,0.526103125,5.54296875,0.09960000000000001,0.311858
2021-04-30,0.52503125,5.55078125,0.099992,0.31256799999999996
2021-05-03,0.523946875,5.546875,0.10053000000000001,0.312906
2021-05-04,0.527996875,5.56640625,0.100796,0.31275600000000003
2021-05-05,0.508696875,5.56640625,0.099574,0.313292
2021-05-06,0.513475,5.6953125,0.09978,0.314532
2021-05-07,0.5079,5.80859375,0.097358,0.314384
2021-05-10,0.5122625,5.8046875,0.094734,0.313794
2021-05-11,0.514075,5.87109375,0.09553,0.316598
2021-05-12,0.568578125,5.8984375,0.09502000000000001,0.31951599999999997
2021-05-13,0.52283125,5.90625,0.09542199999999999,0.32077
2021-05-14,0.50651875,5.93359375,0.094664,0.319824
2021-05-17,0.49423125,5.953125,0.0944,0.320916
2021-05-18,0.49246249999999997,5.9453125,0.094032,0.31951999999999997
2021-05-19,0.458371875,5.9296875,0.093366,0.315518
2021-05-20,0.459446875,5.923828125,0.094842,0.319218
2021-05-21,0.50195,5.9375,0.094496,0.323556
2021-05-24,0.507096875,5.9765625,0.093514,0.326772
2021-05-25,0.503921875,5.984375,0.093794,0.32677999999999996
2021-05-26,0.503896875,5.96875,0.094162,0.326812
2021-05-27,0.506446875,5.98828125,0.093838,0.326042
2021-05-28,0.522559375,5.99609375,0.090832,0.32744799999999996
2021-05-31,0.5060125,6.03515625,0.091852,0.330548
2021-06-01,0.508996875,6.0234375,0.09345,0.33264000000000005
2021-06-02,0.499146875,6.046875,0.092354,0.333928
2021-06-04,0.465028125,6.0703125,0.091814,0.33529600000000004
2021-06-07,0.41229375,6.05859375,0.09111000000000001,0.335818
2021-06-08,0.409578125,6.0546875,0.090016,0.335262
2021-06-09,0.451771875,6.078125,0.088088,0.31581600000000004
2021-06-10,0.4254625,6.09765625,0.089282,0.31781
2021-06-11,0.381396875,6.15625,0.090518,0.322492
2021-06-14,0.37839375000000003,6.16015625,0.09105600000000001,0.32315399999999994
2021-06-15,0.376871875,6.1640625,0.09066800000000001,0.32397800000000004
2021-06-16,0.378159375,6.1640625,0.090436,0.32406
2021-06-17,0.45019375,6.3125,0.0904,0.324578
2021-06-18,0.453315625,6.328125,0.09302400000000001,0.324288
2021-06-21,0.44038125,6.33203125,0.093096,0.32445
2021-06-22,0.45575937499999997,6.421875,0.09224199999999999,0.32287
2021-06-23,0.4662875,6.48828125,0.09236000000000001,0.32383
2021-06-24,0.464590625,6.44921875,0.092996,0.32413400000000003
2021-06-25,0.455396875,6.56640625,0.091798,0.327004
2021-06-28,0.459175,6.59375,0.091566,0.32803400000000005
2021-06-29,0.46436875,6.5390625,0.092098,0.32921799999999996
2021-06-30,0.46364062500000003,6.53125,0.09233000000000001,0.328618
2021-07-01,0.457909375,6.59765625,0.092334,0.32893
2021-07-02,0.455959375,6.58203125,0.09441000000000001,0.331706
2021-07-05,0.458465625,6.6328125,0.093742,0.334228
2021-07-06,0.450403125,6.609375,0.09257,0.335366
2021-07-07,0.449353125,6.625,0.092446,0.336758
2021-07-08,0.4401875,6.67578125,0.09698000000000001,0.32392
2021-07-09,0.446353125,6.67578125,0.099108,0.324646
2021-07-12,0.43510625,6.69140625,0.100168,0.325796
2021-07-13,0.39280625,6.7234375,0.100612,0.326154
2021-07-14,0.390978125,6.734375,0.10046,0.32644199999999995
2021-07-15,0.3964375,6.75390625,0.099634,0.32699599999999995
2021-07-16,0.38303750000000003,6.69921875,0.09955,0.327656
2021-07-19,0.430246875,6.6796875,0.099178,0.328054
2021-07-20,0.43208125000000003,6.66796875,0.09899200000000001,0.32821199999999995
2021-07-21,0.42259375,6.7421875,0.102832,0.32899
2021-07-22,0.41535625,6.73046875,0.100868,0.330682
2021-07-23,0.444584375,6.796875,0.102708,0.341186
2021-07-26,0.439915625,6.8046875,0.10171799999999999,0.344084
2021-07-27,0.437203125,6.8046875,0.101562,0.34409
2021-07-28,0.43474375,6.8125,0.101546,0.345612
2021-07-29,0.434521875,6.8125,0.100736,0.34551200000000004
2021-07-30,0.434265625,6.83984375,0.102022,0.351314
2021-08-02,0.43101875,6.890625,0.10159000000000001,0.35145200000000004
2021-08-03,0.4337625,6.89453125,0.101462,0.351768
2021-08-04,0.419103125,6.90234375,0.10203200000000001,0.351502
2021-08-05,0.47638125,7.07421875,0.10240199999999999,0.35180999999999996
2021-08-06,0.538634375,7.2109375,0.101588,0.354364
2021-08-09,0.52985625,7.2265625,0.101198,0.353276
2021-08-10,0.5278375,7.2578125,0.097172,0.320028
2021-08-11,0.540396875,7.2578125,0.097082,0.322612
2021-08-12,0.5296625,7.265625,0.09868199999999999,0.324212
2021-08-13,0.528225,7.3046875,0.09904199999999999,0.328218
2021-08-16,0.521165625,7.33203125,0.099284,0.32858000000000004
2021-08-17,0.518628125,7.3359375,0.100024,0.32933599999999996
2021-08-18,0.5091375,7.3203125,0.10096400000000001,0.330146
2021-08-19,0.51331875,7.31640625,0.101578,0.3337
2021-08-20,0.5469,7.3984375,0.1032,0.333384
2021-08-23,0.546075,7.390625,0.10315400000000001,0.333972
2021-08-24,0.550834375,7.40234375,0.102994,0.335456
2021-08-25,0.555584375,7.453125,0.10411799999999999,0.337004
2021-08-26,0.538078125,7.46484375,0.104186,0.33624000000000004
2021-08-27,0.563084375,7.48046875,0.10396000000000001,0.341558
2021-08-30,0.558540625,7.5078125,0.10245599999999999,0.345282
2021-08-31,0.556990625,7.47265625,0.10296,0.34657000000000004
2021-09-01,0.563371875,7.44921875,0.10574,0.34893799999999997
2021-09-02,0.565659375,7.49609375,0.106948,0.350348
2021-09-03,0.542434375,7.546875,0.111052,0.35527000000000003
2021-09-06,0.54479375,7.55859375,0.110394,0.35861800000000005
2021-09-08,0.545896875,7.5625,0.110546,0.359156
2021-09-09,0.614421875,7.6171875,0.108494,0.3446
2021-09-10,0.620859375,7.6640625,0.112148,0.347212
2021-09-13,0.66995,7.77734375,0.111746,0.354454
2021-09-14,0.647571875,7.8125,0.11103999999999999,0.353748
2021-09-15,0.660521875,7.8125,0.111944,0.355356
2021-09-16,0.64111875,7.8515625,0.111598,0.35904200000000003
2021-09-17,0.607315625,7.9296875,0.11290599999999999,0.362792
2021-09-20,0.6004875,7.90625,0.11172,0.36390999999999996
2021-09-21,0.594403125,7.90625,0.11184799999999999,0.36365000000000003
2021-09-22,0.59723125,7.90234375,0.111982,0.365478
2021-09-23,0.632303125,7.93359375,0.112486,0.36495199999999994
2021-09-24,0.660590625,7.98046875,0.11050800000000001,0.37183999999999995
2021-09-27,0.62904375,7.99609375,0.11114800000000001,0.37142200000000003
2021-09-28,0.64535625,7.984375,0.11096600000000001,0.37162399999999995
2021-09-29,0.6497125,8.05078125,0.110316,0.371774
2021-09-30,0.644334375,8.1015625,0.10974,0.37241599999999997
2021-10-01,0.60881875,8.195315625,0.11177999999999999,0.37628799999999996
2021-10-04,0.602659375,8.21484375,0.11335200000000001,0.37711599999999995
2021-10-05,0.59796875,8.2109375,0.114708,0.378384
2021-10-06,0.600265625,8.22265625,0.11359400000000001,0.376522
2021-10-07,0.59785,8.21484375,0.11388400000000001,0.377914
2021-10-08,0.5969,8.24609375,0.110088,0.341862
2021-10-11,0.612665625,8.20703125,0.113138,0.344484
2021-10-13,0.613534375,8.2265625,0.11334799999999999,0.345206
2021-10-14,0.6106375,8.171875,0.113182,0.34652
2021-10-15,0.628546875,8.234375,0.11491,0.346524
2021-10-18,0.622765625,8.3203125,0.115086,0.34860199999999997
2021-10-19,0.6288625,8.3515625,0.112204,0.348432
2021-10-20,0.627321875,8.32421875,0.11258800000000001,0.35071199999999997
2021-10-21,0.708725,8.375,0.112848,0.35103
2021-10-22,0.867725,8.9140625,0.111796,0.36633000000000004
2021-10-25,0.860196875,9.03515625,0.110532,0.368134
2021-10-26,0.876009375,9.078125,0.112148,0.369842
2021-10-27,0.876534375,9.12890625,0.112166,0.372618
2021-10-28,0.9952375,9.29296875,0.112594,0.373902
2021-10-29,1.031834375,9.56640625,0.111752,0.381864
2021-11-01,1.0002125,9.65625,0.110722,0.382156
2021-11-03,0.996815625,9.6328125,0.109954,0.38193
2021-11-04,0.999090625,9.6796875,0.1104,0.38370400000000005
2021-11-05,0.93830625,9.859375,0.112396,0.385386
2021-11-08,0.931421875,9.87890625,0.113674,0.387228
2021-11-09,0.94251875,9.8828125,0.11366799999999999,0.387728
2021-11-10,0.9246624999999999,9.95703125,0.118716,0.364056
2021-11-11,0.943240625,9.98828125,0.121446,0.366346
2021-11-12,1.0731875,10.0625,0.11908400000000001,0.378124
2021-11-16,1.052653125,10.09765625,0.117288,0.37961
2021-11-17,1.04761875,10.125,0.11657000000000001,0.380116
2021-11-18,1.059246875,10.0703125,0.114876,0.383356
2021-11-19,0.988225,10.140625,0.115806,0.388698
2021-11-22,0.984425,10.140625,0.114762,0.388422
2021-11-23,0.9924406250000001,10.15234375,0.11466,0.389442
2021-11-24,1.006115625,10.15625,0.113998,0.38935000000000003
2021-11-25,0.998275,10.1796875,0.113954,0.389498
2021-11-26,1.048596875,10.3203125,0.11574,0.391034
2021-11-29,0.985103125,10.3203125,0.113924,0.389208
2021-11-30,0.99185,10.3671875,0.114396,0.388378
2021-12-01,0.952075,10.3046875,0.11382199999999999,0.38594
2021-12-02,0.95336875,10.26953125,0.11252000000000001,0.38417
2021-12-03,0.899834375,10.2578125,0.113246,0.39047600000000005
2021-12-06,0.89190625,10.26171875,0.11224,0.39155
2021-12-07,0.901690625,10.26953125,0.111948,0.392072
2021-12-08,0.896384375,10.26953125,0.112558,0.393326
2021-12-09,0.965390625,10.21875,0.112722,0.394462
2021-12-10,0.9836437499999999,10.28125,0.116218,0.363052
2021-12-13,0.956571875,10.27734375,0.11571,0.36347799999999997
2021-12-14,0.96608125,10.3046875,0.116358,0.36236199999999996
2021-12-15,0.9527875,10.2734375,0.115254,0.36186399999999996
2021-12-16,0.918053125,10.30078125,0.113748,0.362974
2021-12-17,0.9172625,10.3515625,0.113002,0.363826
2021-12-20,0.93846875,10.37109375,0.11387,0.360708
2021-12-21,0.927328125,10.34765625,0.11234400000000001,0.36152
2021-12-22,0.886753125,10.34375,0.11280799999999999,0.36185
2021-12-23,0.89491875,10.31640625,0.1125,0.360716
2021-12-24,0.93020625,10.28125,0.109992,0.36087400000000003
2021-12-27,0.913565625,10.23828125,0.10914199999999999,0.360652
2021-12-28,0.950103125,10.27734375,0.110754,0.360512
2021-12-29,0.97545,10.296875,0.11116799999999999,0.36101
2021-12-30,1.012971875,10.265625,0.111548,0.363624
2021-12-31,0.988846875,10.265625,0.112538,0.36288600000000004
2022-01-03,0.9233125,10.378909375,0.113148,0.36066000000000004
2022-01-04,0.861515625,10.34765625,0.112886,0.359884
2022-01-05,0.900678125,10.32421875,0.111394,0.358726
2022-01-06,0.853653125,10.32421875,0.109162,0.355946
2022-01-07,0.9075625,10.328125,0.111192,0.361564
2022-01-10,0.9019874999999999,10.32421875,0.10865399999999999,0.36330599999999996
2022-01-11,0.91025,10.3671875,0.10710800000000001,0.351782
2022-01-12,0.907196875,10.37109375,0.107408,0.352942
2022-01-13,0.91750625,10.3671875,0.10800000000000001,0.352472
2022-01-14,0.849696875,10.40234375,0.108008,0.352102
2022-01-17,0.84638125,10.375,0.110058,0.353392
2022-01-18,0.841028125,10.3359375,0.115416,0.351722
2022-01-19,0.843375,10.34765625,0.115772,0.35294200000000003
2022-01-20,0.836071875,10.31640625,0.11502599999999999,0.353994
2022-01-21,0.815159375,10.34375,0.11615,0.35775399999999996
2022-01-24,0.80894375,10.33984375,0.11664999999999999,0.357438
2022-01-25,0.808840625,10.34375,0.115558,0.35761400000000004
2022-01-26,0.8051843750000001,10.38671875,0.115654,0.357256
2022-01-27,0.798325,10.4765625,0.11847200000000001,0.363566
2022-01-28,0.761953125,10.52734375,0.11731799999999999,0.36870800000000004
2022-01-31,0.764196875,10.53125,0.1185,0.369732
2022-02-01,0.764815625,10.53125,0.11881,0.36953400000000003
2022-02-02,0.764878125,10.53515625,0.119222,0.369806
2022-02-03,0.7694625,10.37109375,0.119016,0.37074199999999996
2022-02-04,0.804,10.3359375,0.120338,0.36912
2022-02-07,0.78138125,10.328125,0.118148,0.36708199999999996
2022-02-08,0.77006875,10.484375,0.117504,0.36729999999999996
2022-02-09,0.773178125,10.546875,0.121934,0.369024
2022-02-10,0.762975,10.578125,0.12021599999999999,0.361612
2022-02-11,0.761153125,10.640625,0.12025999999999999,0.362542
2022-02-14,0.76523125,10.63671875,0.121994,0.36416400000000004
2022-02-15,0.771784375,10.63671875,0.12341800000000001,0.365126
2022-02-16,0.767525,10.62890625,0.1252,0.36526800000000004
2022-02-17,0.775859375,10.62890625,0.123366,0.364422
2022-02-18,0.701775,10.65234375,0.120168,0.37187
2022-02-21,0.6975125,10.6484375,0.119582,0.37138
2022-02-22,0.69083125,10.6484375,0.118166,0.37239400000000006
2022-02-23,0.688034375,10.65625,0.11708199999999999,0.37213
2022-02-24,0.68408125,10.65625,0.116798,0.373146
2022-02-25,0.733765625,10.69534375,0.120002,0.375
2022-03-02,0.715525,10.6953125,0.122628,0.37278599999999995
2022-03-03,0.725571875,10.74609375,0.122674,0.373736
2022-03-04,0.7602,10.828125,0.12409200000000001,0.37391199999999997
2022-03-07,0.76709375,10.875,0.12386599999999999,0.37496
2022-03-08,0.75783125,10.94140625,0.12461,0.37703200000000003
2022-03-09,0.83884375,11.07421875,0.12720599999999999,0.379494
2022-03-10,0.8991,11.125,0.12914,0.383418
2022-03-11,0.7572249999999999,11.3515625,0.12519,0.380174
2022-03-14,0.74725625,11.41796875,0.125846,0.382148
2022-03-15,0.752953125,11.41796875,0.12592,0.382528
2022-03-16,0.73111875,11.41796875,0.125104,0.38319400000000003
2022-03-17,0.7423375,11.23375,0.1247,0.38388599999999995
2022-03-18,0.695109375,11.332265625,0.12526400000000001,0.387416
2022-03-21,0.697746875,11.347578125,0.123468,0.388164
2022-03-22,0.698446875,11.3515625,0.12368399999999999,0.388838
2022-03-23,0.715015625,11.359375,0.12341200000000001,0.39012
2022-03-24,0.733784375,11.3896875,0.119982,0.391746
2022-03-25,0.738871875,11.43515625,0.126754,0.40306
2022-03-28,0.73393125,11.3725,0.12574,0.403316
2022-03-29,0.73011875,11.36171875,0.12529400000000002,0.40273400000000004
2022-03-30,0.72011875,11.37640625,0.12497,0.403856
2022-03-31,0.70974375,11.38765625,0.12463799999999998,0.40405599999999997
2022-04-01,0.74851875,11.37109375,0.12508,0.40458800000000006
2022-04-04,0.74755,11.37890625,0.12633799999999998,0.40610399999999997
2022-04-05,0.7858625,11.3671875,0.12806,0.40834600000000004
2022-04-06,0.8001812500000001,11.36328125,0.127972,0.406176
2022-04-07,0.8153250000000001,11.375,0.129518,0.40700400000000003
2022-04-08,0.813359375,11.46015625,0.118758,0.370156
2022-04-11,0.790390625,11.46875,0.11808199999999999,0.373348
2022-04-12,0.75124375,11.48984375,0.117686,0.374276
2022-04-13,0.750096875,11.484375,0.123334,0.373822
2022-04-14,0.7416,11.49140625,0.121934,0.377008
2022-04-18,0.69910625,11.48671875,0.126044,0.380364
2022-04-19,0.68746875,11.49921875,0.12563000000000002,0.380494
2022-04-20,0.684509375,11.5,0.122712,0.383814
2022-04-22,0.694659375,11.60546875,0.116576,0.38949600000000006
2022-04-25,0.7058375,11.6015625,0.115784,0.388692
2022-04-26,0.70408125,11.6015625,0.116646,0.38897
2022-04-27,0.7086125,11.6171875,0.11669800000000001,0.38995399999999997
2022-04-28,0.710196875,11.62109375,0.117516,0.38952800000000004
2022-04-29,0.69814375,11.6328125,0.11896000000000001,0.398588
2022-05-02,0.70611875,11.63671875,0.115166,0.400468
2022-05-03,0.7072906250000001,11.644921875,0.11442000000000001,0.401352
2022-05-04,0.6910625,11.648828125,0.11546799999999999,0.402528
2022-05-05,0.690878125,11.4140625,0.118324,0.405332
2022-05-06,0.72035625,11.44140625,0.122908,0.413184
2022-05-09,0.70255,11.453125,0.122974,0.41407200000000005
2022-05-10,0.6885625,11.4453125,0.12322799999999999,0.409404
2022-05-11,0.680921875,11.4375,0.121434,0.383424
2022-05-12,0.698834375,11.484375,0.119796,0.38744799999999996
2022-05-13,0.70808125,11.5625,0.12374399999999999,0.393492
2022-05-16,0.7105125,11.5703125,0.12298999999999999,0.39394599999999996
2022-05-17,0.74224375,11.57421875,0.12366400000000001,0.395716
2022-05-18,0.745325,11.5703125,0.12306,0.396472
2022-05-19,0.750934375,11.57421875,0.124192,0.39487
2022-05-20,0.741909375,11.55859375,0.11832599999999999,0.40073000000000003
2022-05-23,0.71379375,11.59375,0.11578799999999999,0.40257600000000004
2022-05-24,0.710934375,11.6015625,0.115884,0.40351
2022-05-25,0.715840625,11.609375,0.116262,0.405068
2022-05-26,0.716775,11.62109375,0.115726,0.406286
2022-05-27,0.74016875,11.66015625,0.118402,0.412626
2022-05-30,0.75358125,11.703128125,0.118028,0.413728
2022-05-31,0.75574375,11.71875,0.12034399999999999,0.413926
2022-06-01,0.7557125,11.714846875,0.121506,0.41187199999999996
2022-06-02,0.76423125,11.70703125,0.12370799999999998,0.409758
2022-06-03,0.7450218750000001,11.75390625,0.121944,0.413688
2022-06-06,0.7169156250000001,11.779453125,0.121488,0.416002
2022-06-07,0.70124375,11.791015625,0.122152,0.416838
2022-06-08,0.67653125,11.806640625,0.12195600000000001,0.42050600000000005
2022-06-09,0.67611875,11.773625,0.131958,0.40700800000000004
2022-06-10,0.737290625,11.8326875,0.148552,0.40419399999999994
2022-06-13,0.753465625,11.90515625,0.149692,0.403672
2022-06-14,0.755384375,11.9140625,0.14987,0.403778
2022-06-15,0.754921875,11.9403125,0.147988,0.40277
2022-06-17,0.768646875,11.8515625,0.146246,0.39805799999999997
2022-06-20,0.74814375,11.8515625,0.146684,0.394208
2022-06-21,0.743321875,11.8359375,0.146438,0.39443
2022-06-22,0.74223125,11.83203125,0.146422,0.395486
2022-06-23,0.730553125,11.8671875,0.146536,0.395346
2022-06-24,0.73390625,11.890625,0.149138,0.394108
2022-06-27,0.726146875,11.9296875,0.150728,0.392824
2022-06-28,0.704859375,11.9453125,0.15043,0.39067999999999997
2022-06-29,0.705490625,11.921875,0.150758,0.392696
2022-06-30,0.702840625,11.953125,0.148312,0.39354799999999995
2022-07-01,0.695053125,12.015625,0.150212,0.3893
2022-07-04,0.73208125,12.0234375,0.14990399999999998,0.39189799999999997
2022-07-05,0.730340625,12.0703125,0.14910199999999998,0.392074
2022-07-06,0.720609375,12.1171875,0.146222,0.39065600000000006
2022-07-07,0.715421875,12.12890625,0.14606,0.385456
2022-07-08,0.705453125,12.125,0.153356,0.364868
2022-07-11,0.713384375,12.140625,0.146842,0.35867400000000005
2022-07-12,0.71070625,12.140625,0.15018399999999998,0.35794200000000004
2022-07-13,0.713234375,12.1171875,0.15032,0.35717
2022-07-14,0.7210624999999999,12.1328125,0.14871800000000002,0.359454
2022-07-15,0.720553125,12.0859375,0.142472,0.35651000000000005
2022-07-18,0.708175,12.046875,0.144046,0.354512
2022-07-19,0.7004625,12.05859375,0.140996,0.351638
2022-07-20,0.681225,12.0859375,0.140494,0.349874
2022-07-21,0.7168249999999999,12.08984375,0.14136800000000002,0.34893
2022-07-22,0.681315625,12.1796875,0.134914,0.356528
2022-07-25,0.664596875,12.1953125,0.13422599999999998,0.35626199999999997
2022-07-26,0.666128125,12.19140625,0.133898,0.35751
2022-07-27,0.67561875,12.1875,0.13417400000000002,0.35605800000000004
2022-07-28,0.6714875,12.1875,0.133106,0.35499
2022-07-29,0.652865625,12.28515625,0.126578,0.35174799999999995
2022-08-01,0.672240625,12.28125,0.126782,0.35192999999999997
2022-08-02,0.674728125,12.296875,0.12695399999999998,0.352044
2022-08-03,0.667003125,12.32421875,0.12622,0.35195
2022-08-04,0.66558125,11.9921875,0.127218,0.35292
2022-08-05,0.6454875,11.988296875,0.13583399999999998,0.34917000000000004
2022-08-08,0.63821875,11.94921875,0.133504,0.349936
2022-08-09,0.640509375,11.984375,0.132822,0.385028
2022-08-10,0.6316375,11.96875,0.13268000000000002,0.383368
2022-08-11,0.626665625,11.96875,0.131658,0.380714
2022-08-12,0.611625,11.97265625,0.12397999999999999,0.37709600000000004
2022-08-15,0.621665625,12.0,0.121186,0.377134
2022-08-16,0.62105625,11.96484375,0.121004,0.37682000000000004
2022-08-17,0.626721875,11.95703125,0.121242,0.377472
2022-08-18,0.630965625,11.92578125,0.121294,0.376666
2022-08-19,0.59863125,11.97265625,0.12492800000000001,0.368996
2022-08-22,0.599553125,11.96484375,0.125922,0.36798400000000003
2022-08-23,0.59836875,12.0,0.125954,0.36876400000000004
2022-08-24,0.597890625,12.0,0.12605,0.367598
2022-08-25,0.588540625,12.02734375,0.125104,0.36672400000000005
2022-08-26,0.621640625,12.0703125,0.12097799999999999,0.36558799999999997
2022-08-29,0.617046875,12.09765625,0.11929000000000001,0.36532200000000004
2022-08-30,0.629671875,12.07421875,0.11892200000000001,0.36416600000000005
2022-08-31,0.61401875,12.06640625,0.11898199999999999,0.364132
2022-09-01,0.63068125,12.05859375,0.12071,0.362092
2022-09-02,0.61850625,12.0390625,0.120356,0.355128
2022-09-05,0.62866875,11.98828125,0.132292,0.353296
2022-09-06,0.628703125,12.0,0.132406,0.35166
2022-09-08,0.622309375,12.0625,0.132652,0.349846
2022-09-09,0.596778125,12.0234375,0.12758,0.37097
2022-09-12,0.553646875,12.11328125,0.127294,0.367716
2022-09-13,0.550325,12.12890625,0.121202,0.367306
2022-09-14,0.564478125,12.125,0.121276,0.36642800000000003
2022-09-15,0.580903125,12.10546875,0.11972,0.362936
2022-09-16,0.566009375,12.09375,0.113864,0.3557
2022-09-19,0.580371875,12.08984375,0.113834,0.354804
2022-09-20,0.578628125,12.06640625,0.11246,0.35472000000000004
2022-09-21,0.57676875,12.08203125,0.112432,0.35467
2022-09-22,0.6074375,11.7734375,0.112008,0.353754
2022-09-23,0.614965625,11.7109375,0.112514,0.349796
2022-09-26,0.5996375,11.6953125,0.11097,0.349608
2022-09-27,0.6119,11.71484375,0.11148799999999999,0.34956000000000004
2022-09-28,0.6003968749999999,11.7109375,0.111682,0.348944
2022-09-29,0.60208125,11.72265625,0.111448,0.347426
2022-09-30,0.5667156250000001,11.71484375,0.112922,0.345054
2022-10-03,0.584690625,11.7265625,0.11327400000000001,0.345394
2022-10-04,0.577384375,11.71484375,0.112632,0.345588
2022-10-05,0.573934375,11.7265625,0.11192600000000001,0.34495600000000004
2022-10-06,0.58025625,11.7421875,0.11025399999999999,0.345606
2022-10-07,0.6242625,11.75,0.13334,0.34358
2022-10-10,0.6255875,11.765625,0.132542,0.342574
2022-10-11,0.622503125,11.76171875,0.123558,0.361134
2022-10-13,0.619090625,11.75390625,0.12408200000000001,0.361028
2022-10-14,0.5974125,11.75390625,0.125088,0.36007
2022-10-17,0.585965625,11.69140625,0.113886,0.357566
2022-10-18,0.586403125,11.68359375,0.112936,0.357914
2022-10-19,0.574396875,11.6640625,0.11273799999999999,0.358078
2022-10-20,0.557425,11.68359375,0.116074,0.357428
2022-10-21,0.577809375,11.703125,0.108088,0.3594
2022-10-24,0.582790625,11.7265625,0.10876199999999998,0.359026
2022-10-25,0.5748875,11.73046875,0.109612,0.360538
2022-10-26,0.569590625,11.7421875,0.109694,0.35884
2022-10-27,0.625578125,11.43359375,0.109622,0.35934
2022-10-28,0.6357125,11.328125,0.11475400000000001,0.361922
2022-10-31,0.63356875,11.33203125,0.11513999999999999,0.364172
2022-11-01,0.641190625,11.2734375,0.11010999999999999,0.362718
2022-11-03,0.65008125,11.28125,0.109518,0.364138
2022-11-04,0.633715625,11.26953125,0.108064,0.36126600000000003
2022-11-07,0.6304562499999999,11.265625,0.112224,0.360472
2022-11-08,0.62726875,11.2734375,0.114452,0.359686
2022-11-09,0.62598125,11.30078125,0.114802,0.359914
2022-11-10,0.64138125,11.3046875,0.11319599999999999,0.34930999999999995
2022-11-11,0.743425,11.41015625,0.116158,0.357798
2022-11-14,0.722359375,11.421875,0.108542,0.35748199999999997
2022-11-16,0.7442187499999999,11.453125,0.10671599999999999,0.356248
2022-11-17,0.838153125,11.4765625,0.10801,0.35873400000000005
2022-11-18,0.8588,11.56640625,0.108736,0.36539
2022-11-21,0.8399875,11.61328125,0.11010400000000001,0.36580599999999996
2022-11-22,0.8391375,11.61328125,0.110074,0.36622
2022-11-23,0.83498125,11.62109375,0.109336,0.367526
2022-11-24,0.813740625,11.62890625,0.10937200000000001,0.36693800000000004
2022-11-25,0.7890375,11.5859375,0.11298,0.367714
2022-11-28,0.7977625,11.5390625,0.11636800000000001,0.369782
2022-11-29,0.786353125,11.50390625,0.11538,0.36761000000000005
2022-11-30,0.8509625000000001,11.54296875,0.114984,0.36674
2022-12-01,0.83460625,11.53515625,0.115672,0.36748
2022-12-02,0.80064375,11.7109375,0.112582,0.370852
2022-12-05,0.802203125,11.74609375,0.110552,0.372076
2022-12-06,0.78944375,11.7265625,0.113284,0.37196399999999996
2022-12-07,0.77149375,11.71875,0.11361,0.37079799999999996
2022-12-08,0.85461875,11.4140625,0.11372199999999999,0.370558
2022-12-09,0.813625,11.45703125,0.12898199999999999,0.36242800000000003
2022-12-12,0.802196875,11.44140625,0.130778,0.359764
2022-12-13,0.8484875,11.51171875,0.125276,0.36105200000000004
2022-12-14,0.898975,11.5546875,0.125212,0.36040799999999995
2022-12-15,0.870140625,11.4765625,0.12534800000000001,0.362182
2022-12-16,0.881075,11.61328125,0.11986599999999999,0.362936
2022-12-19,0.85330625,11.5390625,0.12214,0.364722
2022-12-20,0.84430625,11.55859375,0.120656,0.365634
2022-12-21,0.817284375,11.58203125,0.119746,0.366348
2022-12-22,0.8211375,11.6015625,0.11553200000000001,0.36626
2022-12-23,0.8081875,11.75,0.115538,0.36483400000000005
2022-12-26,0.827240625,11.79296875,0.11452999999999999,0.36584000000000005
2022-12-27,0.820059375,11.828125,0.11622199999999999,0.36615400000000003
2022-12-28,0.812996875,11.78125,0.115374,0.367192
2022-12-29,0.8099500000000001,11.828125,0.118298,0.369208
2022-12-30,0.80325625,11.75,0.118364,0.371916
2023-01-02,0.8630125,11.85546875,0.12160399999999999,0.374022
2023-01-03,0.86920625,11.859375,0.120124,0.372856
2023-01-04,0.865175,11.9296875,0.11972,0.37201999999999996
2023-01-05,0.8676,11.91015625,0.12256399999999999,0.37229999999999996
2023-01-06,0.815196875,11.89453125,0.122132,0.37602800000000003
2023-01-09,0.788965625,11.83984375,0.119588,0.375456
2023-01-10,0.760390625,11.90234375,0.11888199999999999,0.371728
2023-01-11,0.760865625,11.890625,0.11696,0.37064
2023-01-12,0.752034375,11.875,0.114982,0.37158
2023-01-13,0.70901875,11.96484375,0.111206,0.370634
2023-01-16,0.714728125,11.94140625,0.11420999999999999,0.370474
2023-01-17,0.77594375,11.9765625,0.11491799999999999,0.371332
2023-01-18,0.75343125,11.96875,0.11330400000000002,0.372326
2023-01-19,0.739115625,11.96484375,0.110068,0.37369
2023-01-20,0.75321875,12.0078125,0.108114,0.37599400000000005
2023-01-23,0.74704375,12.0,0.106958,0.377506
2023-01-24,0.750753125,12.01171875,0.10698,0.379482
2023-01-25,0.74890625,12.03125,0.107462,0.380454
2023-01-26,0.742028125,12.04296875,0.108316,0.38107599999999997
2023-01-27,0.746040625,12.09765625,0.107676,0.38807400000000003
2023-01-30,0.7443,12.05859375,0.106802,0.38973399999999997
2023-01-31,0.743703125,12.078125,0.106796,0.390128
2023-02-01,0.750240625,12.054690625,0.106488,0.389486
2023-02-02,0.79621875,11.843753125,0.105002,0.389634
2023-02-03,0.788646875,11.828125,0.10521599999999999,0.392012
2023-02-06,0.805675,11.90625,0.104462,0.391488
2023-02-07,0.78180625,11.92578125,0.108672,0.39278399999999997
2023-02-08,0.8005687499999999,11.94140625,0.109732,0.392034
2023-02-09,0.82805625,11.9453125,0.11109,0.386216
2023-02-10,0.794021875,12.0078125,0.111694,0.390474
2023-02-13,0.78274375,12.0390625,0.11283599999999999,0.39014200000000004
2023-02-14,0.7923375,12.08984375,0.110366,0.390204
2023-02-15,0.765334375,12.1015625,0.110702,0.390242
2023-02-16,0.755353125,12.1015625,0.11130599999999999,0.393426
2023-02-17,0.78054375,12.1484375,0.109388,0.397454
2023-02-22,0.78539375,12.15234375,0.11056799999999999,0.396684
2023-02-23,0.79876875,12.15625,0.1099,0.39623800000000003
2023-02-24,0.7756375,12.1328125,0.110506,0.396328
2023-02-27,0.770321875,12.11328125,0.10724399999999999,0.396414
2023-02-28,0.7399718750000001,12.051171875,0.10731199999999999,0.39237
2023-03-01,0.750428125,11.984375,0.10521599999999999,0.393326
2023-03-02,0.71951875,11.9921875,0.105524,0.394718
2023-03-03,0.71204375,12.0234375,0.10320399999999999,0.39799
2023-03-06,0.7286875,12.0234375,0.10266,0.398244
2023-03-07,0.7216125,12.0546875,0.102874,0.39827199999999996
2023-03-08,0.70748125,12.05078125,0.103216,0.39846400000000004
2023-03-09,0.719196875,12.05078125,0.103876,0.39921399999999996
2023-03-10,0.730028125,12.00390625,0.104848,0.378378
2023-03-13,0.726165625,12.01171875,0.10351800000000001,0.378976
2023-03-14,0.729103125,12.01171875,0.105124,0.377418
2023-03-15,0.742153125,12.0390625,0.102448,0.37669199999999997
2023-03-16,0.759134375,12.03125,0.104894,0.37964
2023-03-17,0.766290625,12.015625,0.100892,0.38681800000000005
2023-03-20,0.765721875,12.01171875,0.100428,0.386746
2023-03-21,0.764096875,12.0078125,0.09949999999999999,0.38665799999999995
2023-03-22,0.7578125,11.99609375,0.099634,0.387004
2023-03-23,0.766728125,11.67578125,0.10020799999999999,0.38693
2023-03-24,0.82046875,11.796875,0.099074,0.38968600000000003
2023-03-27,0.82604375,11.78515625,0.099256,0.38998600000000005
2023-03-28,0.82184375,11.7890625,0.098868,0.390132
2023-03-29,0.81975,11.78125,0.10055199999999999,0.389816
2023-03-30,0.79960625,11.7890625,0.09893,0.38917
2023-03-31,0.751540625,11.70703125,0.105266,0.385174
2023-04-03,0.7420875,11.70703125,0.10797599999999999,0.385756
2023-04-04,0.7423156249999999,11.69921875,0.108306,0.383318
2023-04-05,0.745378125,11.69921875,0.10487199999999999,0.383286
2023-04-06,0.752415625,11.6875,0.107062,0.385804
2023-04-10,0.7176375,11.734375,0.11636200000000001,0.385868
2023-04-11,0.761725,11.75,0.10565799999999999,0.373716
2023-04-12,0.738171875,11.765625,0.10640000000000001,0.374346
2023-04-13,0.744621875,11.73828125,0.10598,0.374408
2023-04-14,0.762178125,11.65625,0.103834,0.37485999999999997
2023-04-17,0.7655625,11.65265625,0.10705,0.375842
2023-04-18,0.722021875,11.6328125,0.106684,0.37635399999999997
2023-04-19,0.74075,11.61328125,0.108384,0.380996
2023-04-20,0.697865625,11.625,0.10475799999999999,0.380978
2023-04-24,0.698,11.62109375,0.103654,0.38043
2023-04-25,0.705059375,11.59765625,0.102324,0.380544
2023-04-26,0.695790625,11.5859375,0.102192,0.380584
2023-04-27,0.686303125,11.58984375,0.102088,0.37955399999999995
2023-04-28,0.71369375,11.61328125,0.100156,0.381922
2023-05-02,0.72060625,11.6171875,0.099628,0.381978
2023-05-03,0.714628125,11.6171875,0.09958399999999999,0.38135800000000003
2023-05-04,0.80014375,11.33203125,0.100218,0.381274
2023-05-05,0.77966875,11.296875,0.099726,0.380856
2023-05-08,0.76163125,11.28125,0.10211600000000001,0.3771
2023-05-09,0.7313875,11.28125,0.102568,0.37776200000000004
2023-05-10,0.7303125,11.296875,0.103322,0.377712
2023-05-11,0.727296875,11.3203125,0.103412,0.377376
2023-05-12,0.701890625,11.3203125,0.099186,0.365964
2023-05-15,0.701090625,11.3359375,0.100272,0.365494
2023-05-16,0.6953625,11.34375,0.10028600000000001,0.364882
2023-05-17,0.697428125,11.33984375,0.10035400000000001,0.36508
2023-05-18,0.691653125,11.34765625,0.10006399999999999,0.363778
2023-05-19,0.69870625,11.32421875,0.099148,0.35865400000000003
2023-05-22,0.700859375,11.31640625,0.09813599999999999,0.35720599999999997
2023-05-23,0.706421875,11.3125,0.097866,0.35715600000000003
2023-05-24,0.70474375,11.3125,0.098018,0.35727400000000004
2023-05-25,0.705559375,11.30078125,0.097744,0.356698
2023-05-26,0.70476875,11.29296875,0.09752599999999999,0.35206200000000004
2023-05-29,0.734071875,11.3515625,0.097056,0.352106
2023-05-30,0.721928125,11.34765625,0.096658,0.351384
2023-05-31,0.7189,11.34375,0.096312,0.35090400000000005
2023-06-01,0.71315,11.3125,0.096822,0.351192
2023-06-02,0.675965625,11.28921875,0.095616,0.348722
2023-06-05,0.677709375,11.2578125,0.098018,0.350144
2023-06-06,0.673265625,11.2578125,0.098448,0.349336
2023-06-07,0.659284375,11.2384375,0.10188599999999999,0.339738
2023-06-09,0.63186875,11.22265625,0.105448,0.334608
2023-06-12,0.620234375,11.20703125,0.10574199999999999,0.333696
2023-06-13,0.614228125,11.15234375,0.10333600000000001,0.33238
2023-06-14,0.610934375,11.15234375,0.10282400000000001,0.33173400000000003
2023-06-15,0.61414375,11.16796875,0.103806,0.330728
2023-06-16,0.576428125,11.0390625,0.10043799999999999,0.32190399999999997
2023-06-19,0.55889375,11.0234375,0.101188,0.32047800000000004
2023-06-20,0.550534375,11.015625,0.10145799999999999,0.32055999999999996
2023-06-21,0.5540937499999999,11.00390625,0.101474,0.31940999999999997
2023-06-22,0.575275,10.703125,0.103498,0.318844
2023-06-23,0.57010625,10.70703125,0.10286,0.316254
2023-06-26,0.57609375,10.70703125,0.10111200000000001,0.317646
2023-06-27,0.5779125,10.703125,0.10066000000000001,0.317972
2023-06-28,0.5745875,10.7109375,0.10028599999999999,0.31652
2023-06-29,0.565734375,10.703125,0.09812599999999999,0.316502
2023-06-30,0.5145625,10.5390625,0.100868,0.31605
2023-07-03,0.527090625,10.546875,0.10286,0.314148
2023-07-04,0.5287,10.54296875,0.10328,0.313952
2023-07-05,0.524040625,10.53125,0.103058,0.314832
2023-07-06,0.51848125,10.5234375,0.10589,0.31357399999999996
2023-07-07,0.521696875,10.5234375,0.10747,0.311738
2023-07-10,0.513221875,10.53125,0.105178,0.31140999999999996
2023-07-11,0.504934375,10.53125,0.10267,0.323702
2023-07-12,0.507959375,10.53125,0.105344,0.32555
2023-07-13,0.5514625,10.53515625,0.10367000000000001,0.325406
2023-07-14,0.540871875,10.5234375,0.100184,0.32465200000000005
2023-07-17,0.524596875,10.51953125,0.10015399999999999,0.32337200000000005
2023-07-18,0.536534375,10.5625,0.096822,0.32258600000000004
2023-07-19,0.515440625,10.51953125,0.097544,0.32276200000000005
2023-07-20,0.505340625,10.5234375,0.095452,0.322138
2023-07-21,0.47373125,10.5,0.09132799999999999,0.31920000000000004
2023-07-24,0.468496875,10.49609375,0.09163600000000001,0.31764
2023-07-25,0.4719,10.4921875,0.092226,0.31771
2023-07-26,0.47397812500000003,10.5,0.091584,0.317704
2023-07-27,0.467790625,10.50390625,0.09256199999999999,0.315584
2023-07-28,0.4820875,10.4609375,0.09076600000000001,0.31349
2023-07-31,0.486425,10.46484375,0.091852,0.31339
2023-08-01,0.48094375,10.4609375,0.09186,0.313114
2023-08-02,0.48125625,10.45703125,0.09195600000000001,0.314104
2023-08-03,0.50773125,10.02125,0.092904,0.313902
2023-08-04,0.4672875,9.981640625,0.09720599999999999,0.312522
2023-08-07,0.450675,9.990625,0.098866,0.312764
2023-08-08,0.444571875,9.98671875,0.099,0.31269
2023-08-09,0.4441,9.98671875,0.09889800000000001,0.31345
2023-08-10,0.4217375,10.00234375,0.09744,0.313232
2023-08-11,0.43174375,9.912234375,0.098674,0.313018
2023-08-14,0.430625,9.90259375,0.09598000000000001,0.312408
2023-08-15,0.42700625000000003,9.910359375,0.09688599999999999,0.31238
2023-08-16,0.434125,9.90259375,0.09579800000000001,0.312452
2023-08-17,0.435990625,9.8984375,0.09615,0.312326
2023-08-18,0.444246875,9.8984375,0.092418,0.316902
2023-08-21,0.443896875,9.90625,0.09849999999999999,0.31929
2023-08-22,0.447578125,9.91015625,0.09870200000000001,0.31934999999999997
2023-08-23,0.441234375,9.91796875,0.098764,0.31936600000000004
2023-08-24,0.44284687500000003,9.91796875,0.098636,0.31895599999999996
2023-08-25,0.423703125,9.9765625,0.100466,0.31875
2023-08-28,0.425303125,9.984375,0.09141400000000001,0.31603000000000003
2023-08-29,0.42372187499999997,9.984375,0.091608,0.31587
2023-08-30,0.41641875,9.984375,0.091762,0.315542
2023-08-31,0.4151,9.984375,0.091918,0.31648
2023-09-01,0.430815625,9.998171875,0.09378600000000001,0.316678
2023-09-04,0.42475625,9.98071875,0.095916,0.318284
2023-09-05,0.447865625,9.98071875,0.096624,0.317944
2023-09-06,0.44908125,9.947390625,0.09521,0.317372
2023-09-08,0.44678125,9.953125,0.094056,0.316794
2023-09-11,0.442834375,9.91796875,0.092318,0.31663800000000003
2023-09-12,0.446965625,9.96484375,0.090932,0.314156
2023-09-13,0.42643437500000003,9.95703125,0.09212,0.315902
2023-09-14,0.43760625000000003,9.95703125,0.090748,0.314172
2023-09-15,0.431103125,9.9375,0.08769199999999999,0.31623999999999997
2023-09-18,0.42620625,9.9453125,0.087634,0.31561
2023-09-19,0.428059375,9.938359375,0.08785400000000002,0.315416
2023-09-20,0.430490625,9.94140625,0.08767799999999999,0.315386
2023-09-21,0.474484375,9.734375,0.08712199999999999,0.31586200000000003
2023-09-22,0.476909375,9.68359375,0.085718,0.315742
2023-09-25,0.47925625,9.672734375,0.08527599999999999,0.316078
2023-09-26,0.476765625,9.6953125,0.085608,0.31630400000000003
2023-09-27,0.48,9.6953125,0.08586600000000001,0.316142
2023-09-28,0.476209375,9.69140625,0.086202,0.315282
2023-09-29,0.474421875,9.6875,0.08718999999999999,0.315434
2023-10-02,0.47723750000000004,9.65625,0.08702199999999999,0.315772
2023-10-03,0.47591875,9.640625,0.08600400000000001,0.31647200000000003
2023-10-04,0.471421875,9.65234375,0.091964,0.316444
2023-10-05,0.4736625,9.66015625,0.09183,0.316234
2023-10-06,0.471975,9.72265625,0.092766,0.315928
2023-10-09,0.44100625,9.753909375,0.093112,0.317226
2023-10-10,0.436334375,9.759425,0.09382,0.31721
2023-10-11,0.446415625,9.76953125,0.08794,0.316422
2023-10-13,0.435584375,9.74759375,0.090848,0.31335
2023-10-16,0.422971875,9.738671875,0.08783200000000001,0.31265
2023-10-17,0.449265625,9.74609375,0.088104,0.31142
2023-10-18,0.451853125,9.7265625,0.08881,0.30890799999999996
2023-10-19,0.4446625,9.69796875,0.089264,0.306412
2023-10-20,0.46121249999999997,9.7109375,0.086654,0.306524
2023-10-23,0.4698375,9.721375,0.08683,0.30703199999999997
2023-10-24,0.462990625,9.72265625,0.08667799999999999,0.307772
2023-10-25,0.46707187499999997,9.73438125,0.08738200000000002,0.307926
2023-10-26,0.45661250000000003,9.726565625,0.08810000000000001,0.307602
2023-10-27,0.423234375,9.80078125,0.089612,0.309436
2023-10-30,0.421221875,9.7890625,0.089244,0.309722
2023-10-31,0.4247125,9.792971875,0.090244,0.30933
2023-11-01,0.42145,9.800784375,0.090236,0.30882000000000004
2023-11-03,0.469425,9.671875,0.08981600000000001,0.30930599999999997
2023-11-06,0.461303125,9.74609375,0.08874599999999999,0.30659
2023-11-07,0.47096875,9.67578125,0.088922,0.308248
2023-11-08,0.462759375,9.66015625,0.088382,0.309292
2023-11-09,0.45725625,9.65359375,0.08793,0.310078
2023-11-10,0.438796875,9.6171875,0.090436,0.309716
2023-11-13,0.45335625,9.6328125,0.090194,0.30758800000000003
2023-11-14,0.448859375,9.64453125,0.09037,0.307866
2023-11-16,0.452784375,9.6484375,0.093002,0.30575199999999997
2023-11-17,0.492821875,9.625,0.08901999999999999,0.307602
2023-11-20,0.480553125,9.65234375,0.08833600000000001,0.30620200000000003
2023-11-21,0.480703125,9.66796875,0.08854200000000001,0.307174
2023-11-22,0.481525,9.671875,0.08792799999999999,0.30824999999999997
2023-11-23,0.4839375,9.66796875,0.087096,0.30747199999999997
2023-11-24,0.441584375,9.664375,0.08947000000000001,0.306186
2023-11-27,0.437121875,9.625,0.08752,0.30843
2023-11-28,0.440546875,9.62109375,0.08899800000000001,0.307348
2023-11-29,0.4478625,9.60546875,0.0885,0.305656
2023-11-30,0.439040625,9.6015625,0.08958,0.305902
2023-12-01,0.452796875,9.58203125,0.086036,0.307696
2023-12-04,0.4407875,9.60546875,0.084354,0.30668
2023-12-05,0.441871875,9.59375,0.08395799999999999,0.306824
2023-12-06,0.4237,9.59765625,0.08305199999999999,0.305808
2023-12-07,0.43754375,9.566440625,0.08283599999999999,0.30613399999999996
2023-12-08,0.4856625,9.60546875,0.08578200000000001,0.306306
2023-12-11,0.48798125,9.609375,0.08574999999999999,0.30595
2023-12-12,0.48190625,9.6015625,0.09033799999999999,0.3098
2023-12-13,0.489215625,9.59375,0.090612,0.30992000000000003
2023-12-14,0.53628125,9.3984375,0.090932,0.309886
2023-12-15,0.555121875,9.3046875,0.08889,0.31268799999999997
2023-12-18,0.49041562499999997,9.316765625,0.089314,0.31213599999999997
2023-12-19,0.49958125,9.3125,0.089294,0.31167
2023-12-20,0.490625,9.3249375,0.089084,0.31291599999999997
2023-12-21,0.483203125,9.328484375,0.08740600000000001,0.31197400000000003
2023-12-22,0.48341875,9.25390625,0.08810000000000001,0.3089
2023-12-26,0.47866875,9.2578125,0.08947200000000001,0.308238
2023-12-27,0.481659375,9.2578125,0.089578,0.308294
2023-12-28,0.4754,9.2421875,0.089154,0.308428
2023-12-29,0.476275,9.2265625,0.08939400000000002,0.307512
2024-01-02,0.472178125,9.2265625,0.08897000000000001,0.309046
2024-01-03,0.4637875,9.234375,0.08665800000000001,0.309774
2024-01-04,0.42578125,9.2421875,0.08486,0.310468
2024-01-05,0.44381875,9.27734375,0.085136,0.3106
2024-01-08,0.458434375,9.25,0.08712400000000001,0.30970600000000004
2024-01-09,0.45378124999999997,9.2578125,0.08758800000000001,0.308892
2024-01-10,0.460659375,9.265625,0.08700799999999999,0.30943000000000004
2024-01-11,0.432765625,9.26953125,0.08683199999999999,0.307942
2024-01-12,0.42915625,9.23046875,0.089062,0.30793
2024-01-15,0.428425,9.24609375,0.08929000000000001,0.30657599999999996
2024-01-16,0.424078125,9.25390625,0.08868999999999999,0.307386
2024-01-17,0.427715625,9.2578125,0.088496,0.309306
2024-01-18,0.428684375,9.23046875,0.086828,0.30870200000000003
2024-01-19,0.428065625,9.21875,0.085772,0.308622
2024-01-22,0.42911875,9.21875,0.08489000000000001,0.30898800000000004
2024-01-23,0.432909375,9.21875,0.085424,0.3091
2024-01-24,0.42846875,9.21875,0.08608600000000001,0.30892
2024-01-25,0.4278875,9.19921875,0.086184,0.30904400000000004
2024-01-26,0.391675,9.203125,0.08390800000000001,0.305238
2024-01-29,0.39094375,9.21875,0.083582,0.305218
2024-01-30,0.3910625,9.2109375,0.083408,0.305478
2024-01-31,0.3904875,9.2109375,0.08195000000000001,0.30529
2024-02-01,0.39390625,8.97265625,0.082544,0.305056
2024-02-02,0.44723125,9.03125,0.08181,0.30493
2024-02-05,0.439046875,9.0390625,0.08230399999999999,0.303848
2024-02-06,0.4261,9.03515625,0.081998,0.30458999999999997
2024-02-07,0.422109375,9.03515625,0.08215199999999999,0.304608
2024-02-08,0.4254375,9.03125,0.083942,0.30574
2024-02-09,0.401134375,9.0234375,0.08510999999999999,0.309526
2024-02-14,0.4083625,9.03125,0.084772,0.309444
2024-02-15,0.408471875,9.03125,0.08497400000000001,0.309188
2024-02-16,0.409684375,9.0234375,0.089826,0.309138
2024-02-19,0.415059375,9.0234375,0.089176,0.30875
2024-02-20,0.42246875,9.03125,0.088476,0.308232
2024-02-21,0.42538125,9.03125,0.088688,0.307044
2024-02-22,0.421084375,9.02734375,0.090154,0.30673
2024-02-23,0.40797812499999997,9.03125,0.087362,0.30747599999999997
2024-02-26,0.393575,9.046875,0.08807000000000001,0.307934
2024-02-27,0.39918125,9.03515625,0.087644,0.30713999999999997
2024-02-28,0.399846875,9.03125,0.088402,0.306846
2024-02-29,0.428565625,9.03515625,0.086966,0.307458
2024-03-01,0.41493125000000003,9.03515625,0.08735200000000001,0.30909600000000004
2024-03-04,0.411953125,9.02871875,0.08624000000000001,0.30853400000000003
2024-03-05,0.41190625,9.04459375,0.08735799999999999,0.308034
2024-03-06,0.40769062500000003,9.04459375,0.088358,0.308262
2024-03-07,0.39073437499999997,9.04571875,0.087348,0.30803
2024-03-08,0.390015625,9.049625,0.08605,0.307362
2024-03-11,0.40935625,9.0390625,0.08448399999999999,0.308354
2024-03-12,0.403275,9.03125,0.085036,0.28572400000000003
2024-03-13,0.390009375,9.05078125,0.084214,0.28724
2024-03-14,0.385375,9.06778125,0.085014,0.286646
2024-03-15,0.39835312500000003,9.05078125,0.09016,0.28637
2024-03-18,0.399959375,9.0546875,0.08983000000000001,0.285838
2024-03-19,0.399178125,9.0546875,0.08989599999999999,0.285912
2024-03-20,0.40076875,9.046875,0.08981600000000001,0.285456
2024-03-21,0.42881874999999997,8.91015625,0.089184,0.285182
2024-03-22,0.408909375,8.953125,0.086562,0.285482
2024-03-25,0.42131250000000003,8.953125,0.08612600000000001,0.28454599999999997
2024-03-26,0.42413125,8.9609375,0.08644,0.284742
2024-03-27,0.41883125,8.953125,0.08593,0.28450600000000004
2024-03-28,0.424071875,8.96484375,0.084704,0.285684
2024-04-01,0.42202812500000003,8.96875,0.084152,0.287226
2024-04-02,0.41745,8.96875,0.08453799999999999,0.287088
2024-04-03,0.4100375,8.96484375,0.084714,0.287572
2024-04-04,0.4200125,8.984375,0.084526,0.286982
2024-04-05,0.401928125,9.0390625,0.084842,0.288014
2024-04-08,0.38654375,9.0625,0.08463599999999999,0.289086
2024-04-09,0.388453125,9.0625,0.08294599999999999,0.289992
2024-04-10,0.386321875,9.0859375,0.08391,0.290172
2024-04-11,0.39179375,9.0390625,0.084832,0.29154
2024-04-12,0.402859375,9.0625,0.08528000000000001,0.29165800000000003
2024-04-15,0.3919875,9.078125,0.08537800000000001,0.29248799999999997
2024-04-16,0.40257187499999997,9.058171875,0.085622,0.290594
2024-04-17,0.3984625,9.055359375,0.084896,0.290374
2024-04-18,0.44101875,9.078125,0.08463599999999999,0.29051000000000005
2024-04-19,0.45963125,9.37890625,0.08275199999999999,0.293636
2024-04-22,0.44958125,9.40625,0.082028,0.29309999999999997
2024-04-23,0.446140625,9.41015625,0.082302,0.2933
2024-04-24,0.4517625,9.421875,0.082386,0.2932
2024-04-25,0.4424625,9.41015625,0.082578,0.2932
2024-04-26,0.4465,9.35546875,0.07860400000000001,0.29261
2024-04-29,0.43960625000000003,9.35546875,0.078526,0.293624
2024-04-30,0.434928125,9.36328125,0.0786,0.293502
2024-05-02,0.427753125,9.359375,0.077966,0.29297
2024-05-03,0.4431375,9.46953125,0.083414,0.295062
2024-05-06,0.448140625,9.48515625,0.08422,0.29524
2024-05-07,0.449215625,9.48984375,0.084098,0.295416
2024-05-08,0.45078125,9.48984375,0.084298,0.295078
2024-05-09,0.49148437500000003,9.421875,0.08596999999999999,0.29517
2024-05-10,0.519340625,9.4453125,0.091832,0.295564
2024-05-13,0.480796875,9.44825,0.09140599999999999,0.29622
2024-05-14,0.47785625,9.47528125,0.09075799999999999,0.296232
2024-05-15,0.48384375,9.489625,0.090836,0.295566
2024-05-16,0.48183125,9.4765625,0.09228,0.29465199999999997
2024-05-17,0.48151875,9.5703125,0.090168,0.295126
2024-05-20,0.491784375,9.59375,0.092432,0.295452
2024-05-21,0.50334375,9.59375,0.09288600000000001,0.295718
2024-05-22,0.499984375,9.5859375,0.096044,0.296356
2024-05-23,0.50374375,9.58203125,0.097828,0.297062
2024-05-24,0.520815625,9.63934375,0.100792,0.295976
2024-05-27,0.519153125,9.6484375,0.10034599999999999,0.296638
2024-05-28,0.5151718750000001,9.6484375,0.100314,0.296524
2024-05-29,0.509059375,9.666921875,0.098646,0.29610400000000003
2024-05-31,0.5134,9.66196875,0.09838799999999999,0.29766200000000004
2024-06-03,0.498371875,9.671875,0.09731999999999999,0.29956
2024-06-04,0.4847875,9.6875,0.097288,0.300334
2024-06-05,0.486171875,9.671875,0.097234,0.29977
2024-06-06,0.48476874999999997,9.68640625,0.09804399999999999,0.30006
2024-06-07,0.46131875,9.7265625,0.096938,0.29944
2024-06-10,0.484325,9.7385625,0.094498,0.298734
2024-06-11,0.475975,9.7578125,0.10003999999999999,0.291194
2024-06-12,0.47714375,9.76953125,0.09981400000000001,0.293168
2024-06-13,0.475459375,9.8515625,0.099472,0.29174
2024-06-14,0.4882,9.921875,0.10101800000000001,0.294884
2024-06-17,0.489315625,9.921875,0.10087,0.295122
2024-06-18,0.497946875,9.921875,0.100932,0.294864
2024-06-19,0.498275,9.9375,0.09987399999999999,0.295594
2024-06-20,0.528634375,9.84375,0.099802,0.295786
2024-06-21,0.5016625,9.921875,0.096362,0.298014
2024-06-24,0.49073125,9.9140625,0.096848,0.298674
2024-06-25,0.474940625,9.91015625,0.095672,0.298682
2024-06-26,0.46092812499999997,9.928984375,0.09491,0.29859
2024-06-27,0.4610125,9.94140625,0.095472,0.29848800000000003
2024-06-28,0.550228125,9.9796875,0.09570600000000001,0.300396
2024-07-01,0.56345625,9.9953125,0.095028,0.299834
2024-07-02,0.5675718750000001,9.987421875,0.09486,0.300218
2024-07-03,0.565575,9.9875,0.09410199999999999,0.301122
2024-07-04,0.569459375,9.98046875,0.094576,0.300108
2024-07-05,0.532615625,9.9765625,0.098302,0.304482
2024-07-08,0.50399375,9.94921875,0.09982200000000001,0.305778
2024-07-09,0.503384375,9.95703125,0.099664,0.305132
2024-07-10,0.491321875,9.948828125,0.09875600000000001,0.298566
2024-07-11,0.487884375,9.97265625,0.098778,0.29947199999999996
2024-07-12,0.49358124999999997,9.984375,0.090814,0.29726600000000003
2024-07-15,0.49224687500000003,9.983984375,0.08937200000000001,0.2984
2024-07-16,0.495946875,9.976171875,0.090306,0.29954000000000003
2024-07-17,0.499325,10.02734375,0.09062200000000001,0.298858
2024-07-18,0.49749375,10.00390625,0.08921,0.30066400000000004
2024-07-19,0.53856875,10.02305,0.089414,0.304594
2024-07-22,0.5391375,10.023046875,0.089946,0.303192
2024-07-23,0.53775625,10.0234375,0.08933400000000001,0.30286
2024-07-24,0.5374875,10.0390625,0.08894600000000001,0.302418
2024-07-25,0.56406875,10.0546875,0.089484,0.30188
2024-07-26,0.54771875,10.078125,0.090224,0.30368
2024-07-29,0.5496125000000001,10.09375,0.089988,0.303348
2024-07-30,0.550559375,10.09375,0.090008,0.30353
2024-07-31,0.554221875,10.1015625,0.09021000000000001,0.30346
2024-08-01,0.576165625,10.019534375,0.09118399999999999,0.304142
2024-08-02,0.62709375,9.984375,0.092932,0.30761
2024-08-05,0.632178125,10.0,0.09124,0.307536
2024-08-06,0.6293375,9.9609375,0.090778,0.30666
2024-08-07,0.6355625,9.9609375,0.09105600000000001,0.30591
2024-08-08,0.61359375,9.97265625,0.08845399999999999,0.30330999999999997
2024-08-09,0.692259375,10.0625,0.091006,0.297948
2024-08-12,0.713878125,10.06640625,0.090578,0.299338
2024-08-13,0.711815625,10.09375,0.09085599999999999,0.299002
2024-08-14,0.7034125,10.09375,0.090562,0.298896
2024-08-15,0.718684375,10.08984375,0.091174,0.29922
2024-08-16,0.754928125,10.1171875,0.092334,0.299606
2024-08-19,0.73030625,10.1484375,0.092544,0.301416
2024-08-20,0.735465625,10.15625,0.09204599999999999,0.300802
2024-08-21,0.7208625,10.14340625,0.09071199999999999,0.301868
2024-08-22,0.724925,10.14340625,0.088466,0.30276600000000004
2024-08-23,0.78264375,10.15625,0.089164,0.2999
2024-08-26,0.794846875,10.16796875,0.089902,0.299696
2024-08-27,0.79789375,10.16796875,0.090344,0.300024
2024-08-28,0.807053125,10.16796875,0.09095,0.299812
2024-08-29,0.812171875,10.1640625,0.090748,0.298952
2024-08-30,0.7760125,10.203128125,0.089946,0.295852
2024-09-02,0.775665625,10.229765625,0.09240999999999999,0.30070399999999997
2024-09-03,0.764675,10.253203125,0.09216799999999999,0.300742
2024-09-04,0.793109375,10.284453125,0.09402799999999999,0.300428
2024-09-05,0.802934375,10.39383125,0.094254,0.302628
2024-09-06,0.819884375,10.6015625,0.095872,0.305166
2024-09-09,0.821703125,10.632734375,0.096082,0.304908
2024-09-10,0.81675,10.6171875,0.09539,0.312282
2024-09-11,0.805978125,10.61328125,0.095276,0.3127
2024-09-12,0.782721875,10.671875,0.093916,0.313528
2024-09-13,0.733425,10.77609375,0.092732,0.31801
2024-09-16,0.725959375,10.7734375,0.093862,0.31890599999999997
2024-09-17,0.730715625,10.78125,0.09408799999999999,0.319694
2024-09-18,0.726721875,10.76953125,0.094228,0.320332
2024-09-19,0.756478125,10.6953125,0.09365,0.320174
2024-09-20,0.724753125,10.91796875,0.103132,0.32019
2024-09-23,0.7295625,10.9453125,0.10298199999999999,0.32040199999999996
2024-09-24,0.726609375,10.954765625,0.10282,0.320646
2024-09-25,0.726821875,10.990515625,0.103088,0.32020400000000004
2024-09-26,0.701775,11.014578125,0.103182,0.319878
2024-09-27,0.6958,11.06640625,0.100784,0.314608
2024-09-30,0.674403125,11.07421875,0.10128,0.316942
2024-10-01,0.67475625,11.078125,0.10182000000000001,0.317194
2024-10-02,0.664365625,11.07421875,0.10194,0.316434
2024-10-03,0.654628125,11.08203125,0.10323399999999999,0.316888
2024-10-04,0.680603125,11.03515625,0.10948600000000001,0.317594
2024-10-07,0.694309375,11.0078125,0.108272,0.31897400000000004
2024-10-08,0.676165625,11.0078125,0.10692600000000001,0.318658
2024-10-09,0.6926218749999999,11.04296875,0.10692600000000001,0.313964
2024-10-10,0.694015625,11.03515625,0.10496599999999999,0.314146
2024-10-11,0.71906875,11.05859375,0.101104,0.315018
2024-10-14,0.71395625,11.08203125,0.100938,0.31520600000000004
2024-10-15,0.7047,11.12109375,0.09983,0.31536200000000003
2024-10-16,0.699978125,11.140625,0.09722599999999999,0.316544
2024-10-17,0.688990625,11.1875,0.09664400000000001,0.31829599999999997
2024-10-18,0.650746875,11.2109375,0.103026,0.32284999999999997
2024-10-21,0.67141875,11.22265625,0.104612,0.32290199999999997
2024-10-22,0.674590625,11.22265625,0.10589,0.323082
2024-10-23,0.67883125,11.19921875,0.10662200000000001,0.322808
2024-10-24,0.670090625,11.1875,0.106802,0.322216
2024-10-25,0.657196875,11.19921875,0.104764,0.322824
2024-10-28,0.640284375,11.18359375,0.103532,0.322696
2024-10-29,0.632975,11.21875,0.102168,0.322886
2024-10-30,0.627865625,11.19921875,0.101064,0.32106
2024-10-31,0.64385625,11.296875,0.101064,0.32269800000000004
2024-11-01,0.70306875,11.4921875,0.09664400000000001,0.329582
2024-11-04,0.71325625,11.48828125,0.09616799999999999,0.330168
2024-11-05,0.7148156250000001,11.4765625,0.095854,0.328902
2024-11-06,0.7176718750000001,11.4921875,0.09595000000000001,0.33035400000000004
2024-11-07,0.738865625,11.453125,0.09535600000000001,0.329372
2024-11-08,0.726165625,11.51171875,0.095144,0.319816
2024-11-11,0.72219375,11.46875,0.09536,0.32160200000000005
2024-11-12,0.71150625,11.5,0.09522800000000001,0.32311999999999996
2024-11-13,0.724153125,11.53515625,0.096204,0.32502400000000004
2024-11-14,0.745240625,11.671875,0.09657199999999999,0.325
2024-11-18,0.744440625,11.70703125,0.095298,0.326844
2024-11-19,0.72839375,11.75,0.09368399999999999,0.32805
2024-11-21,0.746515625,11.78515625,0.093052,0.329332
2024-11-22,0.792221875,11.953125,0.102978,0.333028
2024-11-25,0.792209375,11.9609375,0.102518,0.332348
2024-11-26,0.785128125,12.00390625,0.104584,0.332944
2024-11-27,0.7910875,12.0234375,0.108704,0.333952
2024-11-28,0.7918375,12.05859375,0.109384,0.334222
2024-11-29,0.8615125,12.34375,0.114344,0.338148
2024-12-02,0.841946875,12.421875,0.11572800000000001,0.342928
2024-12-03,0.83161875,12.4375,0.11593,0.343706
2024-12-04,0.8104281249999999,12.44921875,0.117096,0.34416800000000003
2024-12-05,0.816828125,12.5078125,0.11876400000000001,0.345264
2024-12-06,0.850765625,12.778125,0.11162599999999999,0.357782
2024-12-09,0.849840625,12.79296875,0.110212,0.359064
2024-12-10,0.864840625,12.79296875,0.11713,0.364212
2024-12-11,0.854353125,12.87109375,0.116656,0.363752
2024-12-12,0.9516375,12.944140625,0.11567400000000001,0.362302
2024-12-13,0.884940625,13.38671875,0.11752000000000001,0.36355800000000005
2024-12-16,0.859275,13.41015625,0.114082,0.360824
2024-12-17,0.872375,13.48640625,0.113152,0.36315800000000004
2024-12-18,0.899615625,13.51078125,0.113094,0.36473599999999995
2024-12-19,0.8933687499999999,13.54984375,0.11219,0.364624
2024-12-20,0.90084375,13.80078125,0.108554,0.376892
2024-12-23,0.882490625,13.8653125,0.10725,0.380156
2024-12-24,0.89301875,13.873125,0.107242,0.380616
2024-12-26,0.8630156250000001,13.87015625,0.107624,0.381272
2024-12-27,0.844384375,13.87109375,0.10592800000000001,0.379486
2024-12-30,0.79165625,13.87890625,0.107546,0.376454
2024-12-31,0.7891343749999999,13.86328125,0.10721,0.375308
2025-01-02,0.772178125,13.890625,0.106482,0.374938
2025-01-03,0.812484375,13.890625,0.10666,0.37345
2025-01-06,0.782096875,13.8828125,0.10867399999999999,0.37233400000000005
2025-01-07,0.764134375,13.8515625,0.107032,0.371236
2025-01-08,0.765515625,13.828125,0.106794,0.370394
2025-01-09,0.75823125,13.81640625,0.10653,0.371288
2025-01-10,0.785484375,13.890625,0.110128,0.377614
2025-01-13,0.78033125,13.90625,0.106344,0.380054
2025-01-14,0.772596875,13.9296875,0.10622400000000001,0.38083399999999995
2025-01-15,0.759815625,13.9453125,0.10648400000000001,0.38270200000000004
2025-01-16,0.7732625,13.98046875,0.107166,0.383778
2025-01-17,0.8166,13.9765625,0.10778599999999999,0.37918599999999997
2025-01-20,0.8130375,13.98046875,0.116296,0.37898200000000004
2025-01-21,0.816484375,13.98046875,0.11454,0.38158000000000003
2025-01-22,0.839353125,13.9453125,0.112552,0.381534
2025-01-23,0.834234375,13.96875,0.110348,0.383868
2025-01-24,0.8061375,14.101571875,0.10951000000000001,0.39806800000000003
2025-01-27,0.812446875,14.117190625,0.108454,0.39945
2025-01-28,0.809153125,14.128909375,0.108946,0.39949799999999996
2025-01-29,0.79718125,14.140634375,0.10956400000000001,0.399188
2025-01-30,0.828040625,14.132815625,0.109128,0.399474
2025-01-31,0.842046875,14.12110625,0.111502,0.39897999999999995
2025-02-03,0.8618375,14.05079375,0.11129,0.39551000000000003
2025-02-04,0.865121875,14.0547,0.10875399999999999,0.39724600000000004
2025-02-05,0.8582124999999999,14.0547,0.106826,0.39781999999999995
2025-02-06,0.86155625,14.12109375,0.105074,0.397748
2025-02-07,0.8261375,14.1484375,0.103446,0.39905999999999997
2025-02-10,0.81275,14.15234375,0.10867800000000001,0.39882599999999996
2025-02-11,0.80720625,14.140625,0.110226,0.42126800000000003
2025-02-12,0.805959375,14.14453125,0.11027200000000001,0.4211
2025-02-13,0.7987531250000001,14.1328125,0.11118399999999999,0.42017400000000005
2025-02-14,0.831496875,14.0859375,0.11583199999999999,0.418664
2025-02-17,0.796315625,14.08984375,0.110684,0.418826
2025-02-18,0.806221875,14.09375,0.111774,0.416496
2025-02-19,0.8127375,14.09375,0.112094,0.41518
2025-02-20,0.806275,14.12890625,0.11061,0.41775
2025-02-21,0.758221875,14.0625,0.110722,0.422314
2025-02-24,0.76626875,14.06640625,0.110842,0.423074
2025-02-25,0.765809375,14.0546875,0.11118399999999999,0.422064
2025-02-26,0.763790625,14.0546875,0.11003600000000001,0.422644
2025-02-27,0.762328125,14.04296875,0.110872,0.42248800000000003
2025-02-28,0.71275625,14.046875,0.10567399999999999,0.42176
2025-03-05,0.747615625,14.02734375,0.111036,0.41991599999999996
2025-03-06,0.750315625,14.0234375,0.112052,0.42174
2025-03-07,0.786565625,14.05859375,0.11863199999999999,0.41879599999999995
2025-03-10,0.778521875,14.0703125,0.116844,0.421162
2025-03-11,0.786778125,14.0359375,0.117378,0.42062
2025-03-12,0.745659375,14.01171875,0.10839800000000001,0.38684799999999997
2025-03-13,0.745046875,14.03203125,0.107898,0.38336
2025-03-14,0.70513125,14.015625,0.11156,0.38929
2025-03-17,0.708646875,14.01953125,0.11184799999999999,0.38953400000000005
2025-03-18,0.710884375,14.015625,0.11184200000000001,0.38884399999999997
2025-03-19,0.712290625,14.0234375,0.112618,0.38850999999999997
2025-03-20,0.80259375,13.8796875,0.11483,0.38906799999999997
2025-03-21,0.7999375,13.8671875,0.111162,0.38750599999999996
2025-03-24,0.7898999999999999,13.878909375,0.11109399999999998,0.388428
2025-03-25,0.7927625,13.91484375,0.114462,0.388752
2025-03-26,0.79211875,13.90703125,0.114694,0.388226
2025-03-27,0.80976875,13.93438125,0.11223599999999999,0.388534
2025-03-28,0.8003,13.9765625,0.1152,0.387122
2025-03-31,0.811946875,13.953125,0.11633399999999999,0.38745199999999996
2025-04-01,0.8187875,13.9296875,0.11363200000000001,0.385926
2025-04-02,0.8141625,13.93359375,0.11387800000000001,0.38678399999999996
2025-04-03,0.8128375,13.92578125,0.114576,0.387562
2025-04-04,0.809809375,13.71484375,0.11319800000000001,0.38252600000000003
2025-04-07,0.80240625,13.73484375,0.11671799999999999,0.379776
2025-04-08,0.80103125,13.789375,0.115858,0.38218
2025-04-09,0.7996875,13.75890625,0.11534599999999999,0.380266
2025-04-10,0.794721875,13.774375,0.114486,0.382286
2025-04-11,0.76300625,13.82421875,0.11429399999999999,0.380364
2025-04-14,0.7895875,13.87765625,0.114398,0.38262599999999997
2025-04-15,0.7710625,13.865940625,0.11379,0.381576
2025-04-16,0.76788125,13.863284375,0.11343400000000001,0.38358200000000003
2025-04-17,0.81035625,13.89453125,0.109314,0.380594
2025-04-22,0.816465625,13.89328125,0.108238,0.378784
2025-04-23,0.818728125,13.8659375,0.10664,0.378388
2025-04-24,0.8177,13.856875,0.10652400000000001,0.37875
2025-04-25,0.810615625,13.828125,0.105524,0.37656799999999996
2025-04-28,0.78280625,13.71875,0.10383200000000001,0.37333799999999995
2025-04-29,0.79196875,13.7109375,0.103354,0.375458
2025-04-30,0.768521875,13.69734375,0.10288,0.37644800000000006
2025-05-02,0.7575125,13.7421875,0.10458600000000001,0.37825000000000003
2025-05-05,0.77335,13.7890625,0.107678,0.379112
2025-05-06,0.7663375,13.78828125,0.10882199999999999,0.37851599999999996
2025-05-07,0.760728125,13.79734375,0.10943,0.378846
2025-05-08,0.81128125,13.6484375,0.109604,0.379566
2025-05-09,0.748034375,13.47265625,0.114176,0.37083800000000006
2025-05-12,0.776709375,13.4375,0.10733600000000001,0.371492
2025-05-13,0.751715625,13.4375,0.107264,0.37061999999999995
2025-05-14,0.749221875,13.421875,0.11148799999999999,0.371726
2025-05-15,0.762440625,13.37265625,0.10876,0.370932
2025-05-16,0.7455375,13.49375,0.11148,0.371536
2025-05-19,0.7460625,13.5078125,0.111912,0.37244999999999995
2025-05-20,0.748409375,13.5390625,0.111484,0.37283
2025-05-21,0.740190625,13.56640625,0.10713800000000001,0.37266799999999994
2025-05-22,0.7392375,13.5625,0.10746399999999999,0.373282
2025-05-23,0.7525125,13.56265625,0.103122,0.374572
2025-05-26,0.7524937500000001,13.5628125,0.102724,0.374176
2025-05-27,0.752690625,13.5390625,0.10200200000000001,0.37449800000000005
2025-05-28,0.7644125,13.4921875,0.10253999999999999,0.373822
2025-05-29,0.75999375,13.515625,0.102212,0.37418799999999997
2025-05-30,0.772075,13.5159375,0.104436,0.369532
2025-06-02,0.7581875,13.54296875,0.104056,0.36916600000000005
2025-06-03,0.7612187499999999,13.51171875,0.104862,0.367956
2025-06-04,0.751696875,13.5665625,0.103206,0.369158
2025-06-05,0.747909375,13.6290625,0.103968,0.369844
2025-06-06,0.73221875,13.6171875,0.09982799999999999,0.36782600000000004
2025-06-09,0.701246875,13.625,0.102084,0.36790599999999996
2025-06-10,0.6841875,13.6328125,0.10195,0.370882
2025-06-11,0.685584375,13.640625,0.10387600000000001,0.36623199999999995
2025-06-12,0.690115625,13.625,0.10071,0.364906
2025-06-13,0.7437125,13.6640625,0.104086,0.36497999999999997
2025-06-16,0.746415625,13.66015625,0.104168,0.36477800000000005
2025-06-17,0.7468,13.65234375,0.10235799999999999,0.363836
2025-06-18,0.7459125,13.6484375,0.102334,0.36398
2025-06-20,0.760046875,13.52734375,0.105802,0.363186
2025-06-23,0.74365625,13.51953125,0.107446,0.36085
2025-06-24,0.7333000000000001,13.52734375,0.10753399999999999,0.360406
2025-06-25,0.7326625,13.52734375,0.10736599999999999,0.360414
2025-06-26,0.727634375,13.52734375,0.10733000000000001,0.35942999999999997
2025-06-27,0.663475,13.44921875,0.109076,0.351952
2025-06-30,0.6651875,13.46875,0.10544,0.352354
2025-07-01,0.6605125,13.45703125,0.105436,0.35332399999999997
2025-07-02,0.66245625,13.4453125,0.10583000000000001,0.35325
2025-07-03,0.67364375,13.43359375,0.10604200000000001,0.35447
2025-07-04,0.6610625,13.30859375,0.10753,0.353348
2025-07-07,0.66445,13.328125,0.10955999999999999,0.353624
2025-07-08,0.6722,13.36328125,0.10825599999999999,0.352306
2025-07-09,0.659959375,13.37109375,0.104594,0.352102
2025-07-10,0.646828125,13.3671875,0.10630800000000001,0.35326
2025-07-11,0.656178125,13.43359375,0.11367200000000001,0.351128
2025-07-14,0.6593875,13.4609375,0.112606,0.35397
2025-07-15,0.66126875,13.47265625,0.11381000000000001,0.35326
2025-07-16,0.65573125,13.47265625,0.112002,0.351522
2025-07-17,0.650271875,13.48046875,0.11255599999999999,0.35202399999999995
2025-07-18,0.643853125,13.453125,0.10240600000000001,0.350366
2025-07-21,0.63858125,13.44140625,0.099944,0.350152
2025-07-22,0.635996875,13.44140625,0.099756,0.35011600000000004
2025-07-23,0.66859375,13.4296875,0.099962,0.34930799999999995
2025-07-24,0.66913125,13.4375,0.10016,0.34773000000000004
2025-07-25,0.691034375,13.4609375,0.098018,0.34962000000000004
2025-07-28,0.69491875,13.46875,0.09761800000000001,0.34964399999999995
2025-07-29,0.70253125,13.46875,0.09761800000000001,0.34964399999999995
2025-07-30,0.689028125,13.48046875,0.09784000000000001,0.349316
2025-07-31,0.72114375,13.2734375,0.09766999999999999,0.350334
2025-08-01,0.7033375,13.21484375,0.09544000000000001,0.345478
2025-08-04,0.70993125,13.19140625,0.09489399999999999,0.346502
2025-08-05,0.696065625,13.16796875,0.09427400000000001,0.34494
2025-08-06,0.687340625,13.1796875,0.092988,0.345706
2025-08-07,0.682240625,13.16015625,0.09293,0.344934
2025-08-08,0.72036875,13.1484375,0.09353199999999999,0.344044
2025-08-11,0.71551875,13.14453125,0.093336,0.342202
2025-08-12,0.71183125,13.13671875,0.09719,0.338696
2025-08-13,0.71261875,13.125,0.09653600000000001,0.3387
2025-08-14,0.703375,13.140625,0.096162,0.338478
2025-08-15,0.67175,13.1328125,0.093608,0.33834600000000004
2025-08-18,0.655990625,13.12890625,0.096792,0.33648000000000006
2025-08-19,0.67740625,13.1328125,0.09515000000000001,0.334182
2025-08-20,0.67598125,13.12890625,0.09565,0.334206
2025-08-21,0.697171875,13.1328125,0.096102,0.33644399999999997
2025-08-22,0.70231875,13.125,0.095746,0.331306
2025-08-25,0.7091968750000001,13.1328125,0.096678,0.33035600000000004
2025-08-26,0.6992125,13.12890625,0.096546,0.33027999999999996
2025-08-27,0.6984125,13.12109375,0.09672599999999999,0.330062
2025-08-28,0.695596875,13.10546875,0.096898,0.32906599999999997
2025-08-29,0.677728125,12.9921875,0.09439199999999999,0.326682
2025-09-01,0.661278125,13.0078125,0.094734,0.32650399999999996
2025-09-02,0.644778125,13.00390625,0.09539999999999998,0.32685600000000004
2025-09-03,0.6470875,13.01953125,0.096536,0.32769800000000004
2025-09-04,0.657540625,13.046875,0.09606999999999999,0.32846
2025-09-05,0.68079375,13.11328125,0.097794,0.33146000000000003
2025-09-08,0.6724,13.08984375,0.09400800000000001,0.329784
2025-09-09,0.6854,13.05859375,0.095158,0.329936
2025-09-10,0.679003125,13.0859375,0.096472,0.345976
2025-09-11,0.6694,13.07421875,0.09491,0.346088
2025-09-12,0.6351,13.0390625,0.093168,0.34583800000000003
2025-09-15,0.6493625,13.05078125,0.093554,0.346172
2025-09-16,0.65194375,13.046875,0.093662,0.34671799999999997
2025-09-17,0.650390625,13.0390625,0.093228,0.34604
2025-09-18,0.69511875,12.76171875,0.09400800000000001,0.345638
2025-09-19,0.6717562499999999,12.74609375,0.094306,0.34409799999999996
2025-09-22,0.667934375,12.7890625,0.093972,0.343456
2025-09-23,0.65886875,12.8046875,0.093506,0.34326
2025-09-24,0.655684375,12.7734375,0.09285199999999999,0.34264000000000006
2025-09-25,0.653584375,12.7734375,0.09217399999999999,0.342646
2025-09-26,0.64210625,12.7734375,0.088782,0.341756
2025-09-29,0.634928125,12.7734375,0.089764,0.342082
2025-09-30,0.63288125,12.7734375,0.089348,0.34271999999999997
2025-10-01,0.636271875,12.78515625,0.089632,0.34234200000000004
2025-10-02,0.6374875,12.76953125,0.090442,0.34253999999999996
2025-10-03,0.638371875,12.75,0.09306800000000001,0.342164
2025-10-06,0.65925,12.7578125,0.091476,0.342352
2025-10-07,0.663678125,12.73828125,0.092146,0.34214799999999995
2025-10-08,0.660321875,12.73046875,0.091338,0.34120199999999995
2025-10-09,0.662303125,12.73046875,0.091548,0.32894399999999996
2025-10-10,0.659578125,12.76953125,0.092668,0.327468
2025-10-13,0.637903125,12.75390625,0.093058,0.328258
2025-10-14,0.6369875,12.765625,0.092204,0.32795799999999997
2025-10-15,0.639346875,12.7734375,0.09244400000000001,0.328436
2025-10-16,0.649125,12.76953125,0.09355599999999999,0.32775
2025-10-17,0.63374375,12.7265625,0.09193,0.328602
2025-10-20,0.634309375,12.7890625,0.09248200000000001,0.32681800000000005
2025-10-21,0.62435625,12.7578125,0.09439399999999999,0.32614400000000004
2025-10-22,0.616753125,12.78125,0.09460800000000001,0.325922
2025-10-23,0.615565625,12.79296875,0.09562799999999999,0.326338
2025-10-24,0.603696875,12.794921875,0.08985,0.32152000000000003
2025-10-27,0.6032375,12.79296875,0.09011,0.32002
2025-10-28,0.5982531249999999,12.80859375,0.08923199999999999,0.319384
2025-10-29,0.603859375,12.77734375,0.089138,0.31951
2025-10-30,0.606828125,12.779296875,0.08859,0.319286
2025-10-31,0.616165625,12.75390625,0.09094,0.319336
2025-11-03,0.617359375,12.765625,0.09072799999999999,0.319212
2025-11-04,0.624946875,12.7578125,0.09143000000000001,0.319598
2025-11-05,0.62086875,12.765625,0.09138,0.319512
2025-11-06,0.61866875,12.4609375,0.09016600000000001,0.319394
2025-11-07,0.663334375,12.50390625,0.09014,0.317766
2025-11-10,0.667790625,12.4609375,0.09127800000000001,0.317164
2025-11-11,0.6633625,12.494140625,0.093338,0.317276
2025-11-12,0.6535375,12.48828125,0.092378,0.31932
2025-11-13,0.65663125,12.4375,0.092544,0.320528
2025-11-14,0.621084375,12.45703125,0.089946,0.319486
2025-11-17,0.614065625,12.453125,0.088696,0.319902
2025-11-18,0.614965625,12.4140625,0.08759600000000001,0.320102
2025-11-19,0.603828125,12.421875,0.08846399999999999,0.32083599999999995
2025-11-21,0.59218125,12.42578125,0.088896,0.318808
2025-11-24,0.58503125,12.4375,0.08847,0.318998
2025-11-25,0.58356875,12.43359375,0.08804600000000001,0.318458
2025-11-26,0.579175,12.4453125,0.089528,0.318436
2025-11-27,0.580759375,12.41796875,0.089872,0.317422
2025-11-28,0.568775,12.3828125,0.091554,0.31598
2025-12-01,0.577846875,12.43359375,0.090938,0.315234
2025-12-02,0.586375,12.41796875,0.091016,0.314776
2025-12-03,0.582325,12.40234375,0.09033,0.314648
2025-12-04,0.58395625,12.41015625,0.08961000000000001,0.315834
2025-12-05,0.596371875,12.4765625,0.09005,0.314994
2025-12-08,0.593871875,12.4765625,0.09029,0.31475200000000003
2025-12-09,0.5809375,12.4921875,0.09045,0.314724
2025-12-10,0.584384375,12.4921875,0.096378,0.324358
2025-12-11,0.63015,12.2109375,0.095946,0.32480800000000004
2025-12-12,0.631365625,12.23046875,0.094792,0.323402
2025-12-15,0.67546875,12.2109375,0.09330999999999999,0.322534
2025-12-16,0.630803125,12.140625,0.09295999999999999,0.321704
2025-12-17,0.6397468749999999,12.19140625,0.092492,0.320882
2025-12-18,0.628878125,12.16796875,0.092998,0.320206
2025-12-19,0.64058125,12.203125,0.09423,0.31918
2025-12-22,0.633246875,12.234375,0.094802,0.319282
2025-12-23,0.638375,12.23828125,0.094756,0.31896599999999997
2025-12-24,0.636984375,12.23046875,0.09512000000000001,0.319558
2025-12-26,0.63623125,12.2265625,0.09530200000000001,0.318558
2025-12-29,0.657109375,12.14453125,0.096686,0.31591
2025-12-30,0.65408125,12.140625,0.096834,0.313214
2025-12-31,0.65780625,12.13671875,0.098468,0.313914
2026-01-02,0.6451749999999999,12.1484375,0.09958,0.313416
2026-01-05,0.648509375,12.1640625,0.099324,0.319754
2026-01-06,0.643303125,12.16796875,0.098332,0.31681000000000004
2026-01-07,0.6690625,12.19921875,0.097258,0.316492
2026-01-08,0.662215625,12.203125,0.097004,0.315628
2026-01-09,0.649140625,12.234375,0.095618,0.317158
2026-01-12,0.645271875,12.23046875,0.09547599999999999,0.316926
2026-01-13,0.646953125,12.20703125,0.094984,0.31646599999999997
2026-01-14,0.62788125,12.21484375,0.095754,0.317356
2026-01-15,0.6289375,12.21875,0.094636,0.316128
2026-01-16,0.598653125,12.20703125,0.09556200000000001,0.32065800000000005
2026-01-19,0.593340625,12.1796875,0.092972,0.319252
2026-01-20,0.575678125,12.203125,0.09276999999999999,0.31993000000000005
2026-01-21,0.5736718749999999,12.19921875,0.092248,0.319002
2026-01-22,0.59065,12.1953125,0.091478,0.318212
2026-01-23,0.605534375,12.26953125,0.09282399999999999,0.318132
2026-01-26,0.615928125,12.2890625,0.093504,0.31886400000000004
2026-01-27,0.61885625,12.2734375,0.09398400000000001,0.319258
2026-01-28,0.6265625,12.26171875,0.09378399999999999,0.318678
2026-01-29,0.651325,11.9453125,0.093752,0.318454
2026-01-30,0.68505,11.8515625,0.094936,0.313212
2026-02-02,0.688896875,11.90625,0.094268,0.313666
2026-02-03,0.693421875,11.89453125,0.09426999999999999,0.313046
2026-02-04,0.69108125,11.9296875,0.093204,0.314806
2026-02-05,0.679409375,11.9609375,0.09344,0.315306
2026-02-06,0.611640625,12.0078125,0.093868,0.316026
2026-02-09,0.5879156249999999,12.01171875,0.09191200000000001,0.31413
2026-02-10,0.586446875,12.015625,0.0926,0.317746
2026-02-11,0.584478125,11.9921875,0.094458,0.318272
2026-02-12,0.591996875,11.96484375,0.094096,0.318474
2026-02-13,0.598525,11.921875,0.092532,0.31907800000000003
2026-02-18,0.60793125,11.90234375,0.09275,0.32102800000000004
2026-02-19,0.620178125,11.9140625,0.093438,0.321728
2026-02-20,0.60128125,11.98046875,0.093268,0.319984
2026-02-23,0.612253125,11.984375,0.09293599999999999,0.32037
2026-02-24,0.610296875,11.98046875,0.09274800000000001,0.31909
2026-02-25,0.600696875,11.9765625,0.092962,0.31923999999999997
2026-02-26,0.6022125,11.98046875,0.093248,0.3189
2026-02-27,0.64409375,11.921875,0.094816,0.32153800000000005
2026-03-02,0.651221875,11.93359375,0.097308,0.321282
2026-03-03,0.649084375,11.94921875,0.097872,0.322622
2026-03-04,0.65095,11.953125,0.097828,0.322682
2026-03-05,0.65604375,11.9609375,0.09784000000000001,0.323288
2026-03-06,0.6197375,11.96484375,0.09765399999999999,0.32403999999999994
2026-03-09,0.585503125,11.96484375,0.095276,0.322078
2026-03-10,0.60083125,11.984375,0.09609,0.32309
2026-03-11,0.609709375,11.98828125,0.09479599999999999,0.322554
2026-03-12,0.620540625,11.96875,0.093192,0.31308
2026-03-13,0.613678125,12.12890625,0.095394,0.313272
2026-03-16,0.61503125,12.13671875,0.095964,0.313578
2026-03-17,0.654765625,12.125,0.09720599999999999,0.313934
2026-03-18,0.6535093750000001,12.1484375,0.097928,0.314604
2026-03-19,0.6918875,11.890625,0.097776,0.314882
2026-03-20,0.782590625,11.953125,0.10335000000000001,0.318994
2026-03-23,0.7713875,11.9609375,0.103058,0.319238
2026-03-24,0.771178125,11.9453125,0.104626,0.31891400000000003
2026-03-25,0.7724375,11.9453125,0.10472200000000001,0.318812
2026-03-26,0.7767937500000001,11.9453125,0.10563800000000001,0.320092
2026-03-27,0.73933125,11.97265625,0.110468,0.328578
2026-03-30,0.729896875,12.0,0.11051,0.32943399999999995
2026-03-31,0.72824375,12.0,0.109444,0.32899999999999996
2026-04-01,0.734471875,12.0078125,0.108988,0.32889
2026-04-02,0.709284375,12.03515625,0.10833999999999999,0.331558
2026-04-06,0.6760468749999999,12.078125,0.106766,0.331374
2026-04-07,0.6732875,12.078125,0.10864000000000001,0.330754
2026-04-08,0.68835,12.078125,0.108902,0.33077399999999996
2026-04-09,0.69789375,12.06640625,0.10942600000000001,0.329794
2026-04-10,0.755884375,12.07890625,0.10742800000000001,0.32046199999999997
2026-04-13,0.77929375,12.1265625,0.105922,0.32380600000000004
2026-04-14,0.76218125,12.15625,0.107608,0.32507800000000003
2026-04-15,0.7712375,12.16015625,0.10752,0.325532
2026-04-16,0.7718375000000001,12.16015625,0.110006,0.32585000000000003
2026-04-17,0.7632875,12.23828125,0.113978,0.32850999999999997
2026-04-20,0.756821875,12.24609375,0.11399,0.327618
2026-04-22,0.754159375,12.2265625,0.112806,0.32786000000000004
2026-04-23,0.764525,12.2265625,0.112884,0.328426
2026-04-24,0.74309375,12.33203125,0.111028,0.331194
2026-04-27,0.715421875,12.3203125,0.112464,0.331542
2026-04-28,0.733084375,12.32421875,0.11176,0.33344799999999997
2026-04-29,0.7319625,12.33984375,0.112014,0.33321
2026-04-30,0.744984375,12.1171875,0.111524,0.333972
2026-05-04,0.73275,12.1953125,0.113252,0.333604
2026-05-05,0.723665625,12.2890625,0.113814,0.336004
2026-05-06,0.723596875,12.29296875,0.11672,0.33470999999999995
2026-05-07,0.71741875,12.3046875,0.11644199999999999,0.33493
2026-05-08,0.7342593749999999,12.3671875,0.110384,0.333356
2026-05-11,0.731421875,12.37109375,0.109514,0.33346200000000004
2026-05-12,0.73965625,12.37109375,0.107852,0.31562999999999997
2026-05-13,0.726109375,12.390625,0.10634,0.31737000000000004
2026-05-14,0.72738125,12.390625,0.105598,0.31842400000000004
2026-05-15,0.686190625,12.421875,0.109792,0.32093200000000005
2026-05-18,0.674821875,12.41796875,0.110438,0.320298
2026-05-19,0.69265625,12.421875,0.113394,0.32173999999999997
2026-05-20,0.715196875,12.40234375,0.114186,0.32411999999999996
2026-05-21,0.742846875,12.40625,0.11431,0.32442
2026-05-22,0.768478125,12.4375,0.10902799999999999,0.33011
2026-05-25,0.762425,12.41796875,0.10984400000000001,0.33026200000000006
2026-05-26,0.7576875,12.4140625,0.107958,0.33013800000000004
2026-05-27,0.7565875,12.4140625,0.10750799999999999,0.33124200000000004
2026-05-28,0.744671875,12.4140625,0.10763,0.331544
2026-05-29,0.68378125,12.37890625,0.109198,0.33061
2026-06-01,0.662471875,12.4140625,0.109272,0.330038
2026-06-02,0.665884375,12.41015625,0.109314,0.33035400000000004
2026-06-03,0.659734375,12.46484375,0.109736,0.330814
2026-06-05,0.702259375,12.65234375,0.10914199999999999,0.333004
2026-06-08,0.71650625,12.765625,0.10719200000000001,0.33642000000000005
2026-06-09,0.716665625,12.796875,0.105898,0.33698999999999996
2026-06-10,0.723975,12.83203125,0.106578,0.337834
2026-06-11,0.711034375,12.87109375,0.106414,0.33828
2026-06-12,0.731315625,12.986328125,0.10554000000000001,0.330982
2026-06-15,0.7185125,12.9921875,0.10584199999999999,0.33142200000000005
2026-06-16,0.727378125,12.99140625,0.106082,0.33102600000000004
2026-06-17,0.72621875,12.99140625,0.10595,0.330624
2026-06-18,0.756496875,12.75703125,0.105792,0.33071199999999995
2026-06-19,0.75571875,12.83203125,0.099014,0.331356
2026-06-22,0.744246875,12.86328125,0.098524,0.331492
2026-06-23,0.7542,12.9140625,0.098424,0.330918
2026-06-24,0.75875,12.921875,0.09875600000000001,0.331148
2026-06-25,0.746328125,12.9296875,0.09867200000000001,0.33083599999999996
2026-06-26,0.67335,12.90625,0.09546400000000001,0.332314
2026-06-29,0.6718625,12.921875,0.09591200000000001,0.33207000000000003
2026-06-30,0.666640625,12.9140625,0.0964,0.33204
2026-07-01,0.642084375,12.89453125,0.095806,0.33173600000000003
2026-07-02,0.651565625,12.87890625,0.096264,0.329728
2026-07-03,0.671609375,12.84765625,0.098704,0.32870399999999994
2026-07-06,0.708096875,12.84375,0.099934,0.32838999999999996
2026-07-07,0.7297625,12.859375,0.099658,0.329774
2026-07-08,0.738284375,12.83203125,0.1005,0.329102
2026-07-09,0.74915625,12.85546875,0.10223399999999999,0.33063200000000004
2026-07-10,0.6855,12.84765625,0.10595399999999999,0.32478999999999997
2026-07-13,0.64038125,12.84375,0.10265600000000001,0.32452
2026-07-14,0.61846875,12.83984375,0.10226,0.324942
2026-07-15,0.62005625,12.84765625,0.10232799999999999,0.32541800000000004
2026-07-16,0.619128125,12.84765625,0.10287,0.325374
2026-07-17,0.61863125,12.87890625,0.097366,0.324784
2026-07-20,0.6317,12.8359375,0.09933600000000001,0.321984
2026-07-21,0.6218843749999999,12.8359375,0.101518,0.320988
2026-07-22,0.60638125,12.8359375,0.100802,0.322096
2026-07-23,0.59805625,12.87890625,0.100162,0.324288
2026-07-24,0.626146875,12.87109375,0.10137399999999999,0.32645
2026-07-27,0.634365625,12.87890625,0.10132,0.327948
2026-07-28,0.633078125,12.86328125,0.10054,0.326486
2026-07-29,0.638965625,12.890625,0.101218,0.32705199999999995
2026-07-30,0.6341625,12.8671875,0.102752,0.325914
2026-07-31,0.6093125,12.859375,0.10095599999999999,0.32311
2026-08-03,0.6021125,12.845703125,0.100608,0.322014
2026-08-04,0.598565625,12.853515625,0.100616,0.322872
2026-08-05,0.57944375,12.84765625,0.09999000000000001,0.32440199999999997
2026-08-06,0.6722343749999999,12.625,0.09943400000000001,0.32364800000000005
2026-08-07,0.6496,12.5703125,0.09875,0.319168
